FW_Word|POS_TAG
/ENOT|NNC
/IGWA|NNC
/MAGAGOM|VB
/MAKASPAK|VB
/PIGBIYAYAAN|NNCPL
/DUWANG|NNC
/BOBOY|NNC
/NAKAHILING|VBOF
/MAGAYON|JJD
/KADAKOL|JJD
/PUON|NNC
/MANLAENLAEN|JJD
/MASETAS|VB
/DUWA|NNC
/NAHILING|VBOF
/NINDA|PRP
/LUOGON|NNC
/NAGDUMAN|VBOF
/TULOS|VBAF
/HIGOD|NCC
/DIGDI|PRP
/MARAOT|JJD
/MAAANGGOT|VBAF
/NAGDANGOG|VBOF
/FLORESA|NNC
/BUBUYOG|NNC
/HARONG|VBOF
/NAGTANOM|VBOF
/NAWARAAN|VBOF
/NAGTUTUGDON|VB
/TNGA|JJD
/ALDAW|NNC
/NAGBIBISIKLETA|VBAF
/INAPON|VBOF
/HILINGA|VBAF
/PNONG|PRP
/PIRIT|JJD
/PWDE|VB
/MATABANGAN|VBAF
/KURAHAW|VB
/SADAY|JJD
/ULOD|NNC
/HARANI|JJD
/BITIS|NNC
/SIRAM|JJD
/INAY|NNC
/MANOK|NNC
/KIISAY|PRP
/SAINDA|PRP
/NASOPOG|VB
/KAINI|PRP
/AGOM|NNC
/TATAMNAN|VB
/GINIBO|VBOF
/TINANOM|VBOF
/AROG|CCP
/SATUYA|PRS
/KAIPUHAN|VB
/MAGTANOM|VBOF
/GAMGAM|NNC
/TADAW|RBF
/OLIBA|NNC
/SOSOG|NNC
/KINABAN|NNC
/MAGKAKAIGWA|VB
/PAGTANOM|VB
/LIPOT|JJD
/TIGINIT|JJD
/ITINATAO|VBOF
/SAINDO|PRP
/UGARING|CCP
/MANUNGOD|NNC
/KAPRE|NNC
/ASWANG|NNC
/UNING|DTC
/TIGTATAGO|VB
/HUNAHUNA|NNC
/KURUKARWAR|VBOF
/MAHILING|VBOF
/MAGTUBOD|VBOF
/SILING|NNC
/LABYU|VERB
LILIBUTON|VB
NIYATONG|VB
MUMUYAHON|VB
NGUNYAN|RBF
WAWARAON|VB
IMONG|PRP
MARIBUKON|JJD
ABUTON|VB
NGANI|CCP
LALAYUGON|VB
TUNGAG|NNC
TUNGAGON|NNCPL
ARTEHON|VB
TUNGAGTUNGAGON|NNCPL
KADANGAGAN|NNC
NINANYA|PRP
/ALLENLYKAJOY|NNC
/MANGYARE|VBOF
/PARUTON|JJD
/ALECO|NNC
PAIRAROM|NNC
PATALON|NNC
BOBONG|NNC
DGDI|VB
NAGPINATAL|VB
TIGBAK|VB
BUGAY|NNC
IRINITAN|NNC
JAN|PRP
KULDAS|VB
BURAT|NNC
PILISOPOHON|NNC
SUKIKION|NNC
PALPAL|VB
PADARHAN|NNC
MARAY|JJD
BURAYNINANIYANG|NNC
SAKUYA|NNC
HALAT|NNC
MAPAARAM|VB
BURAY|NNC
PAARAM|VB
ATCHAN|FW
IYANG|PRP
SELPON|NNC
PWERTI|NNC
ULAYAN|NNC
PUTANGINA|FW
MUKBANGERS|FW
AROT|VB
HALOY|NNC
URULIAN|NNC
OWRIGHT|FW
DIPUNGAL|VB
NGUNGUON|NNC
MOPABAKALAN|NNC
HAMAGAN|NNC
REALTALKON|FW
MAKATUBOD|VB
PORKE|FW
IPAPASAR|VB
TAKAHUNA|FW
MADADARA|VB
TAKUNG|VB
LUWAS|VB
BADTRIP|FW
BAHAN|NNC
ALUYON|NNC
HAIKA|RBF
PAIMBALSAMO|VB
IGHAHANAP|VB
MAKIKIFIESTA|VB
DARAHON|NNC
GABOS|NNC
AKAPAARAM|FW
AIMO|RBF
KUPAL|NNC
ARERESIBI|FW
IMPO|FW
BUGAYNINANIYA|NNC
SISAY|PRP
MAUGMA|JJD
FRAMENAKUA|FW
PICTUREFRAME|FW
MAREGALO|NNC
HAMAG|NNC
SIGII|NNC
NAKASABAY|VB
ULNOK|FW
NAKALUWAS|VB
PALAN|NNC
HOLDAPPER|FW
BURAYNINANIYA|NNC
UMINEND|VB
GIGIL|VB
BULININANIYA|NNC
MALUPITON|NNC
AKBAKAN|VB
MAKUSUGON|VB
HAYME|FW
MAPUGULAN|NNC
PANGYARE|NNC
GIGIBUHON|VB
YAON|PRP
NGANIN|FW
IRILISTA|VB
DARARAHON|NNC
LAKOP|NNC
KAPALPALAN|NNC
PATIRIKTOKON|VB
ILINGON|VB
INDO|FW
ULTOL|FW
EBIKE|FW
IRRESPONSABLENG|FW
AYMATIPID|FW
SENYOR|FW
MOPABAKALAN|VB
HAMAGAN|NNC
TINDOG|NNC
MAMIMEET|VB
TARANTADO|JJD
NAGPAARAM|VB
TAWO|NNC
SUSURULOG|NNC
PAGPAKIARAMAN|VB
DEPUTANG|JJD
SIRAMSADIRING|NNC
HEYHEYHEYHEYLUHAYLUHAY|RBF
DINALE|NNC
APARTELLE|NNC
PAPATANTAN|NNC
NADUMANAN|NNC
PADII|NNC
ISIPON|VB
DEMONYO|NNC
MAAADVISE|VB
GUMIBO|VB
PALN|NNC
PADANGAT|VB
NAMOOT|VB
HALATUN|JJD
MAGHURON|VB
KASIRAM|NNC
IWALAT|VB
MAKASULYA|VB
MANAMIT|JJD
ISABOD|NNC
TAMAKRIG|VB
SUARIN|VB
INIITINDI|NNC
AABUSO|VB
KANAMAN|NNC
LOGOD|NNC
PATAPILOON|NNC
NGUSU|NNC
PAGKAMOOT|NNC
DAINAGLAYOGANBAYONGNI|NNC
PEDROMASKINAWAR|NNC
UYAMON|VB
LUWAY|NNC
KASUBAGO|NNC
GULOGULO|NNC
SADIRI|NNC
KADLAGAN|NNC
RAGAL|NNC
NGANING|NNC
NASANA|NNC
GULOHUN|NNC
NAYOP|NNC
DRAMAHON|NNC
AMPOTA|NNC
PISOG|NNC
KANB|NNC
MAAGOT|VB
PINANGAKI|NNC
MARHAY|JJD
SAKAT|VB
MATAGOT|VB
DOTDOT|RBF
DUHHH|RBF
LUSI|NNC
HHAHAHAHAH|RBF
PORKET|VB
NADADANGOG|VB
PAWNO|NNC
IDEDEFEND|VB
ARUG|NNC
KAPATAL|NNC
HIRAK|NNC
TATAO|NNC
INURAGAN|VB
DANGAG|VB
MAHAGAD|JJD
SYEMPRE|RBF
LATUBON|NNC
MAGCHAT|VB
SIGURADUHON|VB
HABO|NNC
RESULTAS|NNC
MAPAKONG|NNC
MASALUGSOG|NNC
BINAYADAN|NNC
PASYENTEET|NNC
UPOD|NNC
LWAT|NNC
RUBA|NNC
SINDANG|NNC
DIDINURAT|NNC
RAPASON|NNC
PHPM|NNC
PAAGI|VB
ALOKASYON|NNC
NAGTAO|VB
SINAMBIT|VB
BENEPISYARO|NNC
PARAOMA|NNC
/REHISTRADO|NNC
/RSBSA|FW
/NAGRECIBE|VB
/PAPILION|NNC
/LANIT|VB
/BIYO|NNC
/IRIHE|ADJ
/TARAM|NNC
/MAGPASAMBIT|VBAF
/IGDI|NNC
/RINAPAS|NNC
/KUDKUDAN|NNC
/IGUA|NNC
/NAENOT|NNC
/HUNYO|NNC
/CASURECO|NNC
/PAAGOM|NNC
/HUGAKON|VB
/NGATAAKO|PRP
/HINAPOT|VBOF
/ROADCLEARING|FW
/SAINDANG|PRP
/GUMBA|NNC
/TAHAW|PRS
/NGIRIT|VB
/SUNGAL|NNC
/MARAYON|JJD
/BASILLIO|NNP
/IIWAL|VB
/PISBOK|NNC
/SSCROLL|NNC
/ANGOG|NNC
/ALAPAD|JJD
/HIHIBI|VB
/SARUNG|NNC
/WARANG|VB
/ENVEZ|NNC
/PIGIMPLEMENTAR|VBOF
/AHENCIA|NNC
/DAKUL|JJD
/SAGCOD|PRS
/NGUNIAN|RB
/PATANID|NNC
/PAGKUA|VB
/NGCP|FW
/NAKAPATINDOG|VBOF
/LAEN|JJD
/NAKAWARAK|VBOF
/REHIYON|NNC
/MALAOG|VB
/KUYENTE|NNC
/MAKOLORAN|JJD
/KAPABORAN|NNC
/SAMUYA|PRP
/CHICHISMIS|NNC
/BUNYAG|NNC
/MAKIKIKAON|VBAF
/KARAW|VB
/MAGKAIGWA|VBAF
/DAKOL|JJD
/HIGOP|VB
/TALIKOD|VB
/LALATUBAN|VB
/DISIDER|VB
/PARATUKDO|NNC
/NAGINIBOHAN|VBOF
/PAGPALAWIG|VB
/SADAYOT|JJD
/MAGTARAM|VB
/MAITOM|JJD
/IWALON|VB
/BANGGI|NNC
/MUYA|VB
/DUKOT|VB
/HAMPANGAN|NNC
/SARDINAS|NNC
/SABIHON|VB
/LINITI|VBOF
/DUTERTE|NNP
/INAPOD|VBOF
/BANGAG|JJD
/PBBM|NNC
/CUARTA|NNC
/SADSAD|NNC
/PIGSABI|VBOF
/MIENTRASTANTO|NNC
/DE|VB
/FAMOSONG|JJD
/MAGKASARARO|VBAF
/TANGANING|CCP
/PAKARHAYON|VBAF
/BANWAAN|NNC
/LIWAT|VB
/BONGGA|JJD
/MAGPARTNER|VBAF
/PADIS|NNC
/PIGKASAL|VBOF
/PIGREGALOHAN|VBOF
/TIGSARARONG|NNC
/BAGAS|NNC
/MAGLAOG|VBAF
/PIGASUMER|VBOF
/MAGPASAIRAROM|VBAF
/PIGKAKASAL|VBOF
/SUYOON|NNC
/GIBUHON|VBOF
/EENJOY|VBOF
/MATALI|JJD
/SADIT|NNC
/AANUHON|VBAF
/GWAPO|JJD
/PERMI|RB
/KUKULUGAN|NNC
/AANHON|VB
/KAINING|NNC
/AMBIDA|JJD
/HAUP|EXPR
/IKINASUPOG|VBOF
/ARTEHI|NNC
/TITINO|NNC
/IISIP|VB
/LADAWAN|NNC
/KAOGMAHAN|NNC
/ORUG|NNC
/LIBMANAN|NNC
/PIGNGARANAN|VBOF
/GRAMO|NNC
/BADIL|NNC
/SUSPEK|VB
/IRIGA|VBOF
/PIGTUTUBODAN|VBOF
/ISUSUPLAY|VBAF
/SUNDO|CVBOF
/TOLOS|JJD
/SINANGATAN|VBOF
/PAGBALGA|VB
/PIGLALAOMAN|VBOF
/NAGBOSES|VBOF
/LEGACION|NNC
/CARGONG|NNC
/CONGRESISTA|NNC
/HAHAPOT|VB
/HARUNG|NNC
/WINAGAS|NNC
/PIPILION|VBAF
/LAWAS|NNC
/GASUL|NNC
/LABOT|JJD
/UKAY|NNC
/MUKLAT|VBOF
/WARAGASON|NNC
/NIATO|PRP
/RIRIBOK|NNC
/DEPUTA|JJD
/BANGOT|NNC
/BUYUNGON|NNC
/WAWALA|VBOF
/SAKSAK|JJD
/GADAN|NNC
/PADING|NNC
/MITOY|NNC
/PARATAL|VBOF
/HSHAHSHHAHHAHAHAHAHHA|FW
/SHUTA|EXPR
/NGANE|DTM
/POGI|JJD
/GAYUD|DTM
/ILING|JJD
/KYUT|JJD
/PATALUNON|VBOF
/KANOS|JJD
/PANSABAK|VBOF
/MASUNOD|JJD
/NAGRERECIBE|VBOF
/FINANSYAL|VB
/EDUARTE|NNP
/IIMPLEMENTAR|VBOF
/RARAOT|NNC
/INAGIHAN|VBOF
/CALAMIDAD|NNC
/KABIKOLAN|NNC
/PHPMILYONES|NNC
/PINAHIRO|NNC
/PAUROGON|NNC
/ADVOCACIA|VB
/MACAUSA|NNC
/HELANG|NNC
/MAARAMAN|JJD
/GINATOS|VBOF
/PAGTARAID|VBOF
/KINABABALEHAN|NNC
/MINASUNOD|VBOF
/BUGTAKAN|NNC
/IBOTO|VBOF
/ORAGON|JJD
/PASIRAM|NNC
/SADPOST|NNC
/NGIRITAN|VBOF
/WAWALLET|VBOF
/ARAYKU|NNC
/TUMINABLADA|VBOF
/PINAENOT|VBOF
/RAGAY|NNC
/TIGAON|NNC
/CAMSUR|NNP
/PAKALIHIS|VBOF
/PIGPALUWAS|VBOF
/MAYONG|VB
/PIGARAM|VBOF
/MAGIGIN|VBAF
/NAGGAD|VBOF
/SINUGO|VBOF
/PIRMI|RB
/MALIBONG|JJD
/MALAGATOB|JJD
/MAITSURA|JJD
/MAKAKA|VBOF
/SIMBAG|VBOF
/SAIIN|PRP
/ISIRA|NNC
/INANIYANG|VBOF
/GIRARAY|NNC
/SINIGWAHAN|NNC
/MAINOT|JJD
/BUOT|NNC
/PANGAHON|NNC
/URULOKULOKAN|VB
/NAKAISTAR|VBOF
/TIGKUGOS|JJD
/UGOM|JJD
/TAMILI|VBOF
/DEPUNGAL|NNC
/HAMBOG|JJD
/BABAYI|NNC
/MASIRAM|JJD
/PAROTT|JJD
/LUTOON|NNC
/REXONA|FW
/SIMPRE|VB
/DIIT|JJD
/SUPOG|NNC
/PASUKON|VBOF
/PARAHARALATON|NNC
/HALATI|JJD
/TAOD|NNC
/UGWA|VBOF
/SUSUNDO|VBOF
/GRABI|NNC
/MAKAKANOS|VBAF
/TIGSASABI|VBOF
/SAENDO|JJD
/KILIG|JJD
/NAMAMATI|VBOF
/SULFICIO|NNP
/ALFEREZ|NNP
/IGUANG|JJD
/BASTANTENG|JJD
/IBIGLAD|NNC
/CONSEJAL|NNC
/DIMALANTA|VBOF
/NGONA|NNC
/NAPAPANAHON|JJD
/MIEMBROSCONSUMEDORES|NNC
/HALANGKAW|NNC
/MUNICIPALIDADES|NNC
/CANAMAN|NNC
/MAGARAO|NNC
/BOMBON|NNC
/CALABANGA|NNC
/TINAMBAC|NNC
/SIRUMA|NNC
/EMELITA|NNP
/NAGFOLLOW|VBOF
/IRAROM|VBOF
/MAPARTICIPAR|VBAF
/PRIMERONG|JJD
/HARAROM|VBOF
/NAHIMO|VBOF
/INITIATIVA|VB
/ACTIBO|VB
/CONTRIBUENTE|FW
/HABABA|NNC
/SIBOT|JJD
/PAGASIKASO|VBOF
/PANGENOT|NNC
/AREGLADO|JJD
/MASERBING|JJD
/KAPINONAN|NNC
/LTFRB|FW
/REKISITOS|NNC
/PUV|NNC
/JEEPNEYS|NNC
/CANCELARON|VBOF
/FRANQUICIA|NNC
/DARAKOPON|NNC
/DAKULANG|JJD
/TABANG|NNC
/PADAGOS|VBOF
/SUSTENIDO|JJD
/MASUSTENIRAN|VBAF
/INFRASTRURE|FW
/NAGPUPUON|VBOF
/ANGSOD|VB
/PADABA|VB
/SERYUSO|JJD
/MASUBOL|VBAF
/SAEMO|PRP
/SERYUSOHON|VBAF
/DAKULON|JJD
/NAKAKAMISS|VBAF
/MANATUKON|NNC
/KINAGAT|VBOF
/PARARIBOK|VBOF
/AADAL|NNC
/SOBOOT|NNC
/DALDAGON|NNC
/AMURIS|JJD
/BURABOD|NNC
/PASAKIT|NNC
/AADALAN|NNC
/DYOS|NNC
/NIREVIEW|VBAF
/NUARIN|NNC
/MAHILIGON|JJD
/MANGKARAW|VBAF
/KISAY|JJD
/KAGAYONAN|NNC
/KURIPUTON|VBOF
/HANAP|NNC
/HANAPON|VBOF
/PAKAON|VB
/KAUNON|VBOF
/MAKAKATANA|VBAF
/MAGPARA|VBAF
/PASALI|NNC
/TABILI|NNC
/PARAHADIT|JJD
/MATANING|JJD
/JOWA|NNC
/UGALION|NNC
/MANGARIGOS|VB
/DAKULA|JJD
/TAYANGAW|NNC
/TIGHIBIAN|JJD
/ATAKIHON|JJD
/SINERYUSO|VBAF
/KAKUGOS|NNC
/MABATAON|JJD
/SELOS|VB
/NGANENG|CCP
/AAGOMON|VBOF
/SARADAYOT|NNC
/TESTINGON|VB
/BABAYE|NNC
/IMPOSIBLING|VB
/KAMUSTA|NNC
/NGAYA|CCP
/BAWING-BAWI
/IBUBUHOS|VBOF
/KUGOS|VBOF
/SOKOLET|VBOF
/PINIRILI|VBOF
/MAKAHILING|VBAF
/PIDAY|VB
/HUYAN|VBOF
/TIKABON|VB
/MALIPOT|VB
/PINADABA|VB
/SUBLION|VB
/TINIOS|VB
/GRABENG|NNC
/MAGKLASE|VBAF
/AASANG|VBOF
/TIGPADUKUTAN|VBAF
/DUMANON|NNC
/BAGYO|NNC
/NANGGAD|CCP
/UROGMAHON|VBAF
/BIGLA|VB
/MAGPUON|VBAF
/MAGCHARGE|VB
/MAGPARARIBOK|VBAF
/NAGREREVIEW|VBOF
/MAGREPLY|VB
/SABIHI|VBOF
/NAUUNAS|VBOF
/TATANDAAN|NNC
/MADAOG|VBOF
/HAHALION|VBOF
/MAOGMA|JJD
/KANING|NNC
/GURANO|VB
/KAPADABA|VB
/KAGWAPOHAN|JJD
/MANGBABAYE|NNC
/BAKALON|VBOF
/MAKUSOG|JJD
/SAENDONG|NNC
/MAGBABARKADA|VBAF
/NANGUNGUA|VBOF
/KINAYASAN|VBAF
/MAGKARIGOS|VBAF
/MAPAYONG|NNC
/KABEBE|VB
/MAGTUROG|VB
/MARIBOK|VB
/MANGRULUYA|VB
/SWERTEHON|VBOF
/HARAPOTAN|VB
/NGURIS|NNC
/AABANGAN|VBAF
/GAYOD|JJD
/ADALAN|NNC
/BAYAAN|NNC
/MAPUON|VB
/MANPERO|NNC
/TIYANI|VB
/MAPAPA|DTM
/PAGKLASE|VB
/ATUPAGON|VB
/KAKLASE|NNC
/HANGAN|NNC
/LIOG|NNC
/HAHADUKAN|VB
/MAGAYUNON|VBOF
/LUYOS|VB
/KANGKONG|NNC
/TIUSON|VB
/MATADAAN|VB
/PAMAHAWAN|VB
/HURURON|VBAF
/LIBAKON|VBAF
/IURULA|VBOF
/IMBITADO|NNC
/NAGREREACT|VBOF
/MYDAY|FW
/ITAO|VBAF
/DUDO|JJD
/TARAMON|VBOF
/ATYAN|NNC
/MALINGAWAN|VBAF
/TIGLILIPOT|VBOF
/LINTIAS|JJD
/MAPILI|VBAF
/KACHAT|VBAF
/MAKASKAS|VBAF
/NAPIFLEX|VBAF
/BURUKASAN|VBOF
/SAAGA|VB
/PAPALIT|VBAF
/SAEMONG|NNC
/MASERAMON|JJD
/DIPISILON|VB
/HAHANAP|VBOF
/MAURAN|VB
/EDONATE|VB
/KILIKILI|NNC
/TAWAN|VB
/MANANGGAD|CCP
/CRUSHBACK|VB
/GAMITON|NNC
/MAITSURAHON|JJD
/GISGISON|JJD
/MAGLIPAT|VBAF
/CHUPAPI|NNC
/HERAK|NNC
/PANDAKON|JJD
/ASEGURASYON|NNC
/INANING|NNC
/PAROY|NNC
/NAKATANOM|VBOF
/CHISMOSA|NNC
/MAAGOM|VBAF
/BADOS|VB
/SHAREDPOST|FW
/ANUNA|NNC
/MADALION|JJD
/KURYNTE|NNC
/DEPTA|EXPR
/BULENE|JJD
/PALIPAS|VB
/KURUPUAN|VB
/HARAGAD|VB
/BAKONG|CCP
/MINAPATAHI|VBOF
/AGDAHON|VBOF
/PLASTICAN|VB
/PATINDUGON|VBAF
/KASU|CCP
/ISKROL|VBOF
/PASALIHON|VB
/PERSMOB|NNC
/PUSOAN|NNC
/GRABING|JJD
/DUDUSONG|NNC
/OVERTHINK|VBAF
/ITATAO|VBOF
/KASADIT|JJD
/AYYIEE|NNC
/TIGKIKILIG|VBAF
/LAMBINGAN|NNC
/SABAGAY|CCP
/KUNSOMEDORES|NNC
/IREADY|VBOF
/MAGBROWN|VBAF
/PAKISABI|VBOF
/NANGUNGULILA|VBOF
/TAKUTON|VBAF
/TALSIK|VB
/NGIRITON|VBOF
/RULOKOHAN|VB
/IRINUMAN|VBOF
/TURUGI|VB
/MAGHILING|VBAF
/MAKURUPUAN|VBOF
/MAKAKAGRADUATE|VBAF
/MIDBID|VB
/MADIKLOM|JJD
/NAGBABROWN|VBOF
/PARAINOM|VBOF
/GULPI|NNC
/TIGHIHIBIAN|VBAF
/BALAG|NNC
/TIKAPO|VBOF
/PIGAANDAMAN|VBAF
/ESCUELAHAN|NNC
/HURING|CCP
/NAGTALIKOD|VBOF
/KAPAREJO|NNC
/PANINDUGAN|VBOF
/SWEETON|JJD
/RAOT|NNC
/SAYOG|NNC
/GULAMAN|NNC
/BINAYAANMAY|VBAF
/NAGLANSAR|VBOF
/VAPE|FW
/HAROS|NNC
/LAOG|NNC
/MAHINHINON|JJD
/RASKALON|JJD
/MAGHIRO|VBOF
/DIPOTAAA|EXPR
/SALMING|NNC
/DISMAYOHON|VBOF
/TUROG|VB
/LAFOTA|EXPR
/NANGYARE|VBOF
/TIGREREVEAL|VBAF
/MARITES|NNC
/BABAYAAN|VBAF
/ENOTENOTING|NNC
/PIRME|JJD
/MABALOS|JJD
/MALINGAW|VBOF
/ILIBAK|VBOF
/NAMIMISS|VBOF
/MAKANOS|JJD
/SURPRESAHON|VBOF
/GAPUON|NNC
/ICONFIRM|VBOF
/KIRAY|NCC
/DIPUTA|EXPR
/PABLOOD|NNC
/LATOBON|VB
/TUKMOL|JJD
/MAOPEN|VBOF
/HADIT|NNC
/NDRRMC|FW
/BUBLAY|NNC
/MAURAG|JJD
/LAMOS|VB
/BABAYING|NNC
/BESHY|NNC
/MAGKAKAKWARTA|VBAF
/IMBITARAN|NNC
/BISTADO|JJD
/SOFTHEARTED|FW
/DIPENDE|NNC
/MAKAKAGIBO|VBAF
/BULINI|JJD
/MATANGA|VB
/BAYNTE|JJD
/DIPOTA|EXPR
/IGAKILIG|VBOF
/BOBOHON|VBOF
/TNAGINA|EXPR
/AGKARAWAN|NNC
/HAYP|JJD
/POGION|JJD
/BANGTAN|NNP
/DIOPTA|EXPR
/AMARY|NNC
/MAALSOM|JJD
/NAMUMUNDO|JJD
/BUGAHAN|VB
/IKOS|NNC
/KADIRION|JJD
/CRINGEON|NNC
/NYAM|NNC
/MAKAATION|JJD
/KAKAULI|VBOF
/MAKALUYAHON|NNC
/WEVERSE|FW
/ABTI|NNC
/MANAPAK|VB
/NGONYAN|NNC
/NAPANO|VBOF
/PAKYU|MN
/MUNDUON|JDD
/MAGHILINGAN|VBAF
/NALIGIS|VBAF
/KAATION|VBAF
/MAKAHALAT|VBOF
/KAPAY|JDD
/NAREALIZE|VBOF
/RANIHON|VBOF
/AARUGON|VBOF
/NAGAHILING|VBOF
/INGGETERA|VB
/BABUFF|VB
/KASUHAPON|VBAF
/KWARTA|NNC
/TANGINA|MN
/MAKAGADAN|VBOF
/BLOCKON|VBAF
/LAMANAG|JJD
/GENSHIJ|NNP
/PASLO|VB
/KINAON|VBOF
/PAINUTAN|VBAF
/CHPATER|FW
/KABABLUY|JDD
/BUYONG|JJD
/NUAREN|NNC
/PAKARAY|VBOF
/DULSI|NNC
/HANEP|JJD
/TAPOAS|CCP
/BUAHON|JJD
/LANSIHON|VBOF
/NADAKOP|VBOF
/NGASPAK|NNC
/ARUGON|VBAF
/MAPUNDO|VBAF
/ULUKON|JJD
/TRASHTALKAN|VBOF
/KABADTRIPAN|JJD
/BWISET|JJD
/NINDONG|CCP
/MANIRO|VBOF
/HARALION|JJD
/PADABAON|NNC
/AACCEPT|VB
/HISDAL|NNC
/HAIKYU|NNP
/OAHON|NNC
/SPOLIER|FW
/PUNASAN|VBOF
/NAGNE|CCP
/TEUMES|NNC
/PUNDUHAN|VBAF
/YEDAM|FW
/IGADAMAY|VBOF
/INADALAN|VBOF
/ULOK|JJD
/MAGPAKA|VBAF
/HSALINE|FW
/PIRANG|NNC
/BONAK|MN
/DAOG|VBOF
/PARAAS|NNC
/MAKAIBA|JJD
/PANGARAN|NNC
/DEPOTA|MN
/JIMIN|NNP
/PUNYETA|MN
/NAPASURIYAW|VBOF
/MAKADAGITON|VBOF
/LUSEH|MN
/GINIBONH|VBOF
/SEUNGMIN|NNP
/ULOL|MN
/PUCHA|MN
/LETCHE|MN
/TRATRAUMA|NNC
/HITHIT|MN
/CHISMOSAHON|VBOF
/TIKTOK|FW
/KENJIEUT|NNC
/ROBLOX|NNC
/SABING|NNC
/MAGDIGDI|VBOF
/NAPANSINPAN|VBOF
/AMPUTA|MN
/PWES|CCP
/MAGTYPE|VBAF
/YAONA|JJD
/SISABE|VBOF
/DANGAGON|MN
/TATAPUSON|VBAF
/MALALA|JJD
/ALUH|JJD
/MAKAMUNDUON|JJD
/MAKULUGON|JJD
/IGAINOM|VBOF
/CHICHISMISS|VBOF
/NADELETE|VBAF
/INSTAGRAM|NNC
/PIGAPAGIBO|VBOF
/UULUKON|NNC
/PIGPAPAHALANGKAW|VBOF
/IWAL|VB
/BAMPIRA|NNC
/KAOGMA|NNC
/BUTASAN|NNC
/TIGYAWAT|NNC
/PAKSHET|MN
/MAGLABA|VBAF
/MEDYAS|NNC
/DAKULONG|NNC
/TWITER|NNC
/IUYAMAN|VBOF
/MHIE|NNP
/BWISITON|JJD
/MATIBAYON|JJD
/OINSAN|NNC
/EGULS|NNC
/TLAGA|NNC
/MAGBALIKTAD|VBAF
/SUNGTARO|NNC
/ACADS|FW
/MAPAGALON|JJD
/PANGETON|JJD
/WAYFW
/IPAIR|VB
/DAEBED|FW
/CLOWNSHIT|JJD
/MASAHULON|JJD
/ARAGD|NNC
/KAKAHURON|NNC
/KAHURON|NNC
/SAKTUHON|NNC
/MURUYAHON|JJD
/CINAREER|NNC
/BONGGETS|NNC
/SAOD|JJD
/SULOG|NNC
/ANHINALI|VBAF
/INUTON|VBAF
/ISHUFFLE|VBOF
/AESPA|NNP
/MAISSUE|VBOF
/PARAOT|VBOF
/PAGRAUTON|VBAF
/MAKUKULUGAN|NNC
/ISTOSTORY|VBOF
/SELLERNIM|FW
/CODM|FW
/IGATAO|VBOF
/TAMPURUROT|NNC
/KINAAG|NNC
/NASUPOG|VBOF
/NACOCONSCIOUS|NNC
/TINURO|VBOF
/PIGPAPASAHOD|VBOF
/DAKULAON|NNC
/SUNKI|FW
/HYBE|FW
/UULOK|NNC
/SINDAHABANG|VBOF
/MAGCONSTRUCT|VBAF
/PANDOK|NNC
/NAUBOS|VBOF
/TWEETS|FW
/GENCHEM|FW
/MALUYAHAON|JJD
/SIOMAI|NNC
/HARALI|JJD
/TIPONG|JJD
/JISOO|NNP
/BULBOL|JJD
/MAKAPAGALON|VBAF
/MAGKA|VBOF
/NAPANAGINIPAN|VBOF
/PINAMATI|VBOF
/MAGKULOG|VBAF
/FEEEL|FW
/RHYDEN|NNC
/IGAGIBO|VBAF
/PINADIPISIL|VBOF
/ORORAL|NNC
/SKUSTA|NNC
/CHANGBIN|NNC
/HYUNJIN|NNC
/INURU|VBOF
/HEESEUNG|NNC
/NAHIHIBI|VBAF
/WALIS|NNC
/SKZ|NNC
/GABOSDAE|JJD
/NANAMAN|JJD
/MCCAFE|NNC
/DADAMAYON|VBAF
/MAKATUROG|VBAF
/JINOJOKE|NNC
/GAGI|NNC
/TAEKOOK|NNC
/IGKAKASUPOG|VBAF
/TAKANG|MN
/TNGINA|MN
/KRISMAS|FW
/VALORANT|FW
/INAVAIL|VBOF
/SPOTIFY|FW
/NIRERENEW|VBOF
/MALUYA|JJD
/MAGIMATA|VBAF
/IGSASABE|VBOF
/PINOST|VBOF
/PAREHASKITA|NNC
/MAMEH|NNC
/BINALO|VBOF
/LASTIME|NNC
/DAGIT|NNC
/DADRAHON|VBOF
/MAHIHILING|JJD
/MATARMBAY|VBAF
/KAULUKON|NNC
/OOVERTHINK|VBOF
/BISTADONG|NNC
/KULUGON|JJD
/EARIST|NNC
/PAHIBION|VB
/MANHIDON|VB
/ARAKION|VBOF
/MAKAKONSENSYAHON|VBAF
/MASIKAT|JJD
/TONEEJAY|NNC
/IFIFLEX|VBOF
/SYOTA|NNC
/KYUTON|JJD
/PGARI|FW
/SUBIDA|FW
/PIGPAPA|VBOF
/XPECT|FW
/DURATON|JJD
/SHOPEE|FW
/MAKAUYAMON|VBAF
/MAKDUMAN|NNC
/MACAMPING|VBAF
/SOMNIES|FW
/YOOHYEON|NNC
/MINAGIBO|VBOF
/ACCLING|FW
/GINBO|VBOF
/POTANGINA|JJD
/RENJUN|NNC
/NASCAM|FW
/MASAKSAK|VBOF
/BWISIT|JJD
/KATRANSACT|NNC
/IGSUSUSWELDO|VBOF
/SALONG|NNC
/MKOVING|FW
/BACKREAD|FW
/STIRY|FW
/UNFOLLOW|FW
/AMAYUNON|NNC
/KUWAA|VBOF
/FOODTRIP|VB
/GHINOST|VBOF
/SASABIHON|VBAF
/TETETRIS|VBAF
/MAGULUHON|JJD
/MASINGIL|NNC
/MADADAGITAN|VBOF
/ISHISHIP|NNC
/SINABE|VBOF
/KMAO|NNC
/IGKIKILIG|VBOF
/JOLLIBOTS|FW
/MARARAOT|JJD
/TTRY|FW
/BALUON|NNC
/MAKAPASAR|VBAF
/NANAMN|NNC
/VIDYEO|FW
/JIRITS|FW
/TOXICOTY|FW
/TUTAL|JJD
/NAGAPASA|VBOF
/HAYUP|JJD
/MABUSINESS|JJD
/FIRSTIMER|JJD
/MAKABUAHON|VBAF
/TUGANG|NNC
/KINSEMIL|NNC
/MASWERTIHON|VBAF
/TRYCICLE|NNC
/NADISSAPOINTNA|VBOF
/AKOKI|NNC
/MAHALI|VBAF
/NADOBLE|VBOF
/NAGREREPLY|VBOF
/LOWBAT|FW
/WEEKND|FW
/FEEELKO|VBOF
/IGAULIAN|NNC
/WOTHY|FW
/IGAPPOINT|VBOF
/GUNTING|NNC
/DREED|FW
/UGNAYA|NNC
/SPOLIED|JJD
/NAWAWARA|VBOF
/HILANG|NNC
/TAEHYUNG|NNC
/MARAUTON|VBOF
/DEDMA|NNC
/ANHAYOP|NNC
/MAINOM|VBOF
/JUNHUI|NNC
/BWISETON|JJD
/INUMAN|NNC
/JUNGKOOK|NNC
/SINGKO|NNC
/IGAGAIBO|VBAF
/TALAG|NNC
/EKIS|NNC
/TSAKA|CCP
/KONBERG|FW
/REWATCHING|FW
/JUYEON|NNC
/VLIVES|FW
/NATUNAWON|JJD
/UNFRIEND|FW
/KAISI|NNC
/NAKAPAGRETWEET|VBOF
/REREPLY|VBOF
/RABAS|NNC
/UURAN|VBOF
/DUNGO|NNC
/INULUKAN|VBOF
/DANCERACHA|NNC
/IPIS|NNC
/DIDILAAN|NNC
/NCTZEN|NNC
/KIATNG|NNC
/MAPAPALAYAS|VBAF
/BHIE|NNC
/MAHIBI|JJD
/LUKAH|JJD
/KKALADKARON|VBAF
/NAMISSED|VBOF
/KAISEN|NNC
/KENTELL|NNC
/SSERA|FW
/NIREPLY|VBOF
/IGSASABIHAN|VBAF
/PANGITON|JJD
/MABAKJAL|JJD
/PAPABAKALON|VBAF
/MAPRESENT|VBOF
/IGGUGULO|VBOF
/HANJI|NNC
/NAGIMATA|VBOF
/TIPIDON|JJD
/SEOKJIN|NNC
/DPUTAHON|MN
/BORINGON|JJD
/IGRARAOT|VBAF
/MAGBABARAKADA|VBAF
/NADARUSAY|VBOF
/ZAMIEL|NNC
/BADILON|VBAF
/MONGGOLOID|JJD
/PIPIRITON|VBAF
/TRSR|FW
/MANGITUROG|VBOF
/HIGDA|VBOF
/MADUMAN|NNC
/MINENTION|VBOF
/PICHA|NC
/MAKAIRITAHON|VBAF
/SEENER|NNC
/GHOSTER|FW
/HIHIKAON|VBAF
/SASABOG|VBOF
/UGBO|NCC
/BLINOCK|VBAF
/INUTIL|JJD
/TINWEET|VBAF
/RANDOMON|NNC
/IBAT|NNC
/LOTLOT|NNC
/POTANGINAHON|JJD
/KAURAGI|JJD
/AMBAG|NNC
/HALENG|CCP
/MARABASON|NNC
/GWAPUHON|JJD
/JEONGWOO|NNC
/HYYH|FW
/KEMERU|NNC
/IPIROT|VB
/NGALAS|CCP
/MAKWARTA|JJD
/SADIRING|NNC
/BADTRIPON|JJD
/BUMINALIKTAD|VBOF
/TUKAWAN|JJD
/SUBANGGE|NNC
/SIRAMON|VBOF
/PASABUGON|VBAF
/MAUYAM|JJD
/KABADTRIPON|JJD
/NAPAPANGIRIT|VBOF
/POTCHI|NNC
/NAMISS|VBOF
/NAKAKATWEET|VBOF
/BALUNAN|NNC
/MINGYU|NNC
/IPIPIDAYON|VBAF
/PIPAMUNDUON|VBAF
/DINAKULAAN|VBOF
/PUTANGINAMO|JJD
/LALABA|NNC
/PADIN|CCP
/TARANTADONG|JJD
/MAHIWASON|JJD
/DURAT|NNC
/RYUJIN|NNC
/YEJI|NNC
/ULULON|NNC
/AYUSON|VBOF
/DUDUMANON|JJD
/HUMINALI|VBOF
/GRINDR|FW
/NGAW|NNC
/PIROT|NNC
/PUNDUHON|VBOF
/DEJOK|NNC
/IDISBAND|VBOF
/HALATAON|NNC
/EFFORTMI|NNC
/SAIMONG|NNC
/PANIBAGO|JJD
/AMATS|NNC
/MABUOT|JJD
/GWAPOHON|JJD
/HARALANGKAWON|JJD
/KUSUGON|JJD
/IPANKARIGOS|VBOF
/MUJIN|NNC
/MAULOK|JJD
/NAPATINDOG|VBOF
/IEDIT|VBOF
/IUSIP|VBOF
/RETWEET|FW
/ACCLA|NNC
/IGAHALAT|VBOF
/DRUGTEST|FW
/KAIYAN|NNC
/TROYE|NNC
/KUAPL|NNC
/TARABAHO|JJD
/GASLIGHTER|FW
/KUPALON|JJD
/KUNYARE|NNC
/DUSTA|JJD
/IIWALON|VBOF
/IPOPOST|VBAF
/IGKUKURAB|VBOF
/MAGSABOT|VBAF
/HUGAK|VBOF
/AYAMN|NNC
/CHAROT|EXPR
/MAGKAAG|NNC
/SASAD|NNC
/ALPAS|NNC
/NAPAPAEMOTE|VBOF
/MAGBALI|VBAF
/PAKEARAM|NNC
/DIDGI|VBOF
/PEPLAY|VBOF
/DAKULLON|NNC
/NAYEON|NNC
/NALATE|VBOF
/ANHILING|NNC
/KABOG|NNC
/NAGRECOMMENED|VBOF
/MALIPONG|NNC
/LEEKNOW|NNC
/IGGAGAGO|JJD
/MINALI|NNC
/NUWEBE|JJD
/BWSIT|JJD
/MADURUGO|NNC
/HADOK|NNC
/OVERTHINKER|fW
/GTLT|FW
/PAPALAYAON|VBAF
/MAGTIOS|VBAF
/CHOREO|FW
/ANKAAPLIBOT|NNC
/MAGTABIL|VBAF
/BISAYAON|NNC
/MASABUTAN|VBOF
/AAPUDON|NNC
/IGSARABE|VBOF
/PLEASAE|NNC
/IGSABE|VBOF
/IMANIFEST|VBAF
/TIPON|NNC
/KASUAREN|VB
/YEONBIN|NNC
/BEOMJUN|NNC
/MAGLALIVE|VBAF
/MATANOM|VBOF
/GABAT|NNC
/HUMANAP|VBOF
/MATIPON|NNC
/PASAKAT|JJD
/JAEHYUN|NNC
/UUSIP|VBOF
/NILIKE|NNC
/KARMAHON|NNC
/HAECHAN|NNC
/QRTS|FW
/BALIBOL|NNC
/MAALSUMON|JJD
/MASERAM|NNC
/SERAMON|VBOF
/SUNTUKON|VBAF
/DAEM|CPP
/IGPAPABISTO|VBAF
/NAKIKAWAT|VBOF
/TULO|NNC
/KANBANGAG|JJD
/MAIINGIT|JJD
/TRANSPORATATION|NNC
/SAMPULONG|NNC
/NAPIPICK|VBOF
/GURUTAY|NNC
/GUTAY|JJD
/IMUTE|JJD
/IBLOCK|VBOF
/MASAWSAW|JJD
/BRAINROTS|FW
/WWEROLLINS|FW
/IGTYPE|VBOF
/AAMIN|VBOF
/TAPUSON|VBAF
/MAKAHANGOS|VBOF
/HARALAMBALUSON|FW
/DIGDING|NNC
/MAOGMAHON|VBAF
/IGREVIEW|FW
/KAMUNDUON|NNC
/ROMUALDEZ|NNP
/ROMOULDEZ|NNP
/AUDUTION|FW
/AATAKIHON|VBOF
/UTUON|VBOF
/MAKABORINGON|JJD
/LATEON|NNC
/PIPIRUTON|VBAF
/MINATA|VBOF
/OVERSHARING|FW
/SUKMAGAY|VBOF
/DELULU|JJD
/WINRINA|NNC
/GCASH|FW
/MAHULUGAN|VBAF
/IGPARA|VBOF
/DOROGSHOW|FW
/JHOPE|NNC
/SINUKA|NNC
/JORO|NNC
/SERYUSUHON|VBAF
/BANGGING|NNC
/MATUGOT|JJD
/SADAYUTON|JJD
/KEANNU|NNC
/ALSUMON|NNC
/IAPPROACH|VBOF
/DIBAAMAYON|VBOF
/IKAYOD|VBOF
/DOGIE|NNC
/NXPE|NNC
/UNGAS|JJD
/ETOMAX|FW
/CHAKNU|NNC
/PAHALI|VBOF
/BARALIKAN|NNC
/PHIVOLCS|FW
/ISEEN|VBOF
/CHISMIS|NNC
/HANJISUNG|NNC
/KAWAPA|NNC
/LUMOTS|VBOF
/REMATI|NNC
/PHILHEALTH|FW
/BEBS|NNC
/YOONGI|NNC
/ZEZINAB|NNC
/GWAPA|JJD
/PAMAN|NNC
/GAGANA|VBAF
/TIGKASUPOG|VBOF
/KIKIRILIGN|NNC
/TINARAM|VBOF
/PAKAPATAL|VBOF
/NOTIFITICATION|FW
/VIDEOCALL|VBOF
/POPOSE|VBAF
/HAPOT|NNC
/TAEH|NNC
/UYY|CPP
/KAKATRYING|VBOF
/KURAGIT|NNC
/PUGULAN|NNC
/ANUHON|VBAF
/MAKASUPUGON|VBAF
/MADEDELAY|VBAF
/MAGKAON|VBAF
/IGPIPIROT|VBOF
/ENJOYON|VBOF
/ORAG|NNC
/SUSURATON|VBOF
/BINTANA|NNC
/NAGME|VBOF
/IGLULUYA|VBAF
/NAKAKAPA|VBOF
/BAYAG|JJD
/IEXPOSE|VBOF
/CHINECK|VBOF
/MAKIKIULOK|VBOF
/PIGHIHILING|VBOF
/EYU|NNC
/IGBABAYADAB|VBOF
/TICKETHOLDERS|FW
/MALALATE|JJD
/YUGYEOM|NNC
/KAKULOG|NNC
/TULAK|VBOF
/MAKAHIBION|VBOF
/TIGHNARI|VBAF
/MAATTITUDE|JJD
/NOMIN|NNC
/LAYAG|NNC
/AAWOL|NNC
/SISIMBAGON|VBOF
/MASURIYAA|JJD
/NEXPLAY|NNC
/TANGINAMO|JJD
/SAGAD|NNC
/MASHISHIIFT|VBOF
/ALIW|JJD
/IPOST|VBOF
/ISTRESSON|VBAF
/HEESUNG|NNC
/NSDA|FW
/MAWAWARAN|VBOF
/PAHINGALUON|NNC
/DELASALLE|NNP
/ROQUR|NNC
/JERYAN|NNC
/GATOL|JJD
/BUBOG|JJD
/KAKAAROG|JJD
/AUDS|FW
/NAGGAGANA|VBOF
/TICKETNET|FW
/NASSTRESS|VBOF
/UTURN|FW
/IURAGAN|VBOF
/RESPETUHON|JJD
/SAMGYUP|FW
/IGGHOST|VBOF
/SUSUYUON|VBOF
/HALFBATH|FW
/TIGKIRILABUTAN|NNC
/KORNIHON|JJD
/MABAKAL|VBOF
/EARPODS|FW
/BUTLAAN|NNC
/CCOD|FW
/URUALDAW|NNC
/AHIT|NNC
/LUHAY|NNC
/HIRUON|VBOF
/TRINIPAN|NNC
/GUMINARANA|VBOF
/GIBUHONG|VBOF
/ISURAT|VBOF
/PAULION|NNC
/SINUBLI|VBOF
/PANIRA|VBOF
/GENAD|NNC
/NADALE|VBOF
/ISESEND|VBOF
/PIRAK|NNC
/MAHABLOT|JJD
/GIGIBO|VBAF
/PAGKAAGA|NNC
/KAMONG|PRP
/PUNDO|NNC
/HUHURON|VBOF
/AAKO|PRP
/OEDC|FW
/PAGKAON|NNC
/TONGITS|NNC
/TATANOG|VBAF
/ONCAM|FW
/MAPAPABAKAL|VBAF
/PITOY|NNC
/KATUROG|VBAF
/TININDUGAN|NNC
/CINDERACE|FW
/GAGANGBANG|NNC
/YATI|NNC
/BBREAKDOWN|FW
/COURSEHERO|FW
/VLIVE|FW
/PALAYASON|VBAF
/KAURAGON|NNC
/YELAN|NNC
/BABLUYON|NNC
/MINAULI|NNC
/WYAT|NNC
/SIYAA|PRP
/HUTAZONE|FW
/PAKITAGO|VBOF
/MAKAKAABOT|VBAF
/MAKIPAGHURON|VBOF
/REBATAN|NNC
/DARYYL|NNC
/IPAPAINOM|VBAF
/NAKAKA|VBOF
/THIRDWHEEL|FW
/PADUMAN|NNC
/SUBAGO|VBOF
/DIDIVIDE|VBOF
/HUNING|CCP
/MAHAMIS|VBOF
/TIGTYPE|VBOF
/RIKIVERSES|FW
/LUBOT|NNC
/MAREPLY|VBOF
/DAKULO|NNC
/TATARAM|VBOF
/MAULOL|JJD
/NASUSPEND|VBOF
/SATONG|NNC
/MAGBARARKADA|VBAF
/TABIL|NNC
/TINAWAN|VBOF
/YUDEPUTA|NNC
/TABANGAN|VBOF
/KINURAB|VBOF
/IPAMATI|VBAF
/APIR|NNC
/TIGLILIGAWAN|NNC
/NASURPRISE|VBAF
/SURUNUDAN|NNC
/PAMUTOS|NNC
/MANUYO|VBAF
/MAARTEHON|JJD
/HASSLEON|VBOF
/SARALA|JJD
/SURUBLIOAN|NNC
/ULOLON|NNC
/MASIRAMON|JJD
/MAKIBARDUGALAN|VBOF
/PANGARAO|NNC
/JISUNG|NNC
/PEHM|FW
/FAMEON|FW
/BINASTOS|JJD
/SINURPRISSE|VBOF
/TAYKA|CCP
/TANGINANG|JJD
/SURIYAW|VBOF
/SANATANGA|NNC
/LITMATCH|FW
/SCAMON|NNC
/MASISUGON|JJD
/SOCMED|FW
/DUWAG|JJD
/GIGIRAY|VBOF
/IISIPON|VBOF
/MCDO|FW
/MAFE|NNC
/TRAYDORON|VBOF
/HIHINGHINGAN|NNC
/KURULOT|VBOF
/MAGEX|NNC
/DANGUGON|VBOF
/HUBAG|NNC
/NGUDOY|NNC
/AGOI|JJD
/NABUBUA|VBOF
/SISIMBAG|NNC
/KAISING|NNC
/TANGGALON|NNC
/MIDMID|NNC
/PUTANGINANG|JJD
/PAKARAYON|NNC
/MADANGOG|VBOF
/TECHNOBLADE|NNC
/HAMPASLUPA|JJD
/DELMUNDO|NNC
/NAKIGKIG|VBOF
/SUKOL|NNC
/KAKAMPINK|NNC
/TRATUHON|VBOF
/KARAEL|NNC
/SANRIBONG|NNC
/JOLINA|NNC
/SOSHI|NNC
/IGHOST|VBOF
/KALIX|NNC
/PARARIYO|NNC
/AWTO|NNC
/TUMINAKAS|VBOF
/AMBULANSYA|NNC
/NWEBE|NNC
/CHINARGE|NNC
/GINILID|VBOF
/REALTALK|FW
/MOMSHIE|NNC
/DUMINAGDAG|VBOF
/NARUMDUMAN|JJD
/HUGYAN|NNC
/TYUN|NNC
/MARETRIEVE|VBAF
/UGMAHON|VBOF
/SARABAYAN|NNC
/NGUYAN|VBOF
/TININDA|NNC
/KATARANTADUHAN|JJD
/ARAMON|NNC
/SEXYHON|JJD
/RETSAM|NNC
/MAKATARAM|VBAF
/BFFS|FW
/BOBOTANTE|JJD
/KINAHURON|NNC
/MAKAULOKON|VBAF
/PINALUWAS|VBOF
/MAPABAKAL|VBAF
/LAUGHTRIP|FW
/NGALNGAL|NNC
/PAKATAPOS|VBAF
/PIGPAPARA|VBOF
/BALYONG|NNC
/LALAST|NNC
/AYOT|NNC
/SAPAKON|VBOF
/PANOK|NNC
/MAKAURAGON|VBAF
/DAYAON|JJD
/EEXCITE|VBOF
/TINARAMAN|VBOF
/HEEJEK|NNC
/SWERTE|JJD
/MAKAGRADUATE|VBAF
/BABACKSTAB|VBOF
/ILICHIL|NNC
/SEULGI|NNC
/DURUGON|JJD
/IKAIHION|VBOF
/XIAMARA|NNC
/MMAHILING|NNC
/PIRMING|NNC
/MISISING|VBOF
/NAHIHIB|VBOF
/MAASA|NNC
/TATAKIGAN|JJD
/RELX|FW
/SHEMS|EXPR
/OMEGLE|FW
/GHORL|NNC
/AFCK|FW
/MAPATOL|VBAF
/TIGTATARAM|VBOF
/TIGHAHANAP|VBOF
/ARVI|NNC
/MAKAULOL|VBAF
/NAGETS|VBOF
/RRATE|NNC
/BESTIE|NNC
/SUNGCHAN|NNC
/SHOTARO|NNC
/NARAOT|VBOF
/MAHIBUGON|JJD
/DAMLUON|NNC
/MAGSISIMP|VBAF
/NANGITUROG|VBOF
/INSECUREON|JJD
/PAFALL|VBOF
/CHISMISS|VBOF
/BABASAHON|NNC
/MAKAPUTANGINAHON|VBAF
/BULAY|NNC
/HINAMPANG|VBOF
/HUHUHUH|NNC
/NONLUCRATIVE|FW
/JEJEHON|JJD
/DOGSHOW|FW
/AMPUCHA|JJD
/BWIBWISIT|JJD
/IGNOMINATE|VBOF
/NANGGANA|VBOF
/HIRIBIAN|NNC
/SIRBI|JJD
/SUKRAY|NNC
/TALUNAN|NNC
/MOMENTH|NNC
/MAULI|VBOF
/PAPATAL|VBOF
/PILWON|NNC
/GAGU|JJD
/NAITWEET|VBOF
/MAKABALITA|VBOF
/JOURNS|NNC
/JIKOOK|NNC
/IEXPLAIN|VBOF
/PWEDI|JJD
/HIBABA|NCC
/LAMAW|NNC
/BINAYAAN|VBOF
/MAKADIRION|JJD
/FEDELION|NNC
/NADIDIPISILAN|VBOF
/HILIN|NNC
/BOLAHON|NNC
/CHINMSY|NNC
/ITZY|NNC
/BAKLAON|NNC
/MAGKAPE|VBOF
/SELD|NNC
/IKAUDO|VBOF
/AMPATAL|VBOF
/SAMONG|NNC
/INABOT|VBOF
/KWASA|CCP
/IGKAKARAYA|VBOF
/NSTROKE|NNC
/NASTROKE|NNC
/DRYON|NNC
/IGAASAHAN|VBOF
/MINGHAO|NNC
/LAYAGON|VBOF
/DUGDUGON|VBOF
/BARABADON|VBAF
/TIGHAPOT|VBOF
/PALAMUNIN|VBAF
/AKAO|PRP
/SOPTY|NNC
/IGTATARAM|VBOF
/TRASHTALKER|FW
/HUHUHU|NNC
/TARANTADUHON|JJD
/JAKOL|JJD
/PUNAW|JJD
/WRONGSEND|FW
/GABATON|JJD
/INARAM|VBOF
/MAKATABIL|JJD
/PHOTOCARDS|FW
/MAPERAKON|VBAF
/HAHALATON|NNC
/PAGCOCOMMUTE|VBAF
/IGDODOGSHOW|VBOF
/KANMGA|CCP
/ADVANTANGE|FW
/GINADAN|NNC
/MAGPICTURE|VBOF
/MINANAS|VBAF
/QYOP|JJD
/UMINABOT|VBOF
/DUMOG|VBOF
/TIKOY|NNC
/GUNAMO|JJD
/PINATAL|VBOF
/MAGRADUATE|VBOF
/MAGKLAWAT|VBAF
/KURAB|JJD
/BRAINYHON|JJD
/MAINITON|JJD
/PABLOCK|VBOF
/YAHIMIKON|VBOF
/SUGUON|NNC
/PAKIARAM|NNC
/SSHAVE|FW
/ISHIP|VBOF
/NAGTUBOD|VBOF
/VAINN|FW
/MAKAOGMAHON|JJD
/MAWRAG|NNC
/LINGAW|JJD
/MAHALNGKAW|JJD
/GAHD|EXPR
/PINABAKAL|VBOF
/IGSUSOG|VBOF
/TINEST|JJD
/FEREMM|NNC
/NGANGALAS|VBOF
/MALABUON|JJD
/TARANTADOHON|JJD
/SASAPAKON|VBOF
/KACHOOSYHAN|NNC
/IDODOGSHOW|VBOF
/PURUPUNDUHAN|NNC
/MOPAKSHET|NNC
/BOKI|NNC
/KINISS|VBOF
/JEONGIN|NNC
/HINALE|NNC
/SUSULUON|VBOF
/LATAE|VBOF
/MAGTAO|VBOF
/ADALON|NNC
/NABUBWISET|JJD
/MAHIRUON|JJD
/SELOSON|JJD
/NAEEXCITE|JJD
/IRESPONSABLE|JJD
/TIANWAN|VBAF
/CHEEKIES|NNC
/HURUGAKUNON|JJD
/DURUSTAON|NNC
/HAHAGAD|VBOF
/RERESPETO|VBOF
/SUBADYTON|NNC
/VEYRA|NNC
/TARAMAN|VBAF
/IKAKAGADAN|JJD
/NANGYAYARE|VBOF
/TRAUMANG|JJD
/TINAO|VBOF
/MUYAHON|JJD
/KASUARIN|NNC
/SELCA|FW
/PEBRERO|NNC
/JUTAY|JJD
/ICELEBRATE|VBOF
/SUNGHOONED|NNC
/MINGHAOED|NNC
/MANAGGAD|JJD
/MAAKO|JJD
/CHUCHU|NNC
/WINARA|VBOF
/HALABA|JJD
/PISTI|NNC
/BARADILON|VBAF
/KURULUGAN|VBAF
/INAGDANG|VBOF
/KUNWARING|JJD
/KAWAT|VBOF
/CONYONG|JJD
/CONYO|NNC
/UTRO|JJD
/AQUAFLASK|FW
/AMPUNON|VBAF
/PAHILING|VBOF
/BUDOL|NNC
/AYIE|NNC
/IGKILIG|VBOF
/RULUHA|NNC
/UTIKON|VBOF
/MISSS|JJD
/KIELVJ|NNC
/MAGRILINGAWAN|VBAF
/NAGGUILT|JJD
/GENSHIN|FW
/HOYOVERSE|FW
/MALASON|JJD
/ALDREI|NNC
/NAGTWEET|VBOF
/BINALANDRA|NNC
/SUNDAAE|NNC
/GIIGIL|JJD
/NAFALL|VBOF
/BINALON|VBOF
/KAHURUNON|NNC
/DINEACTIVATE|VBOF
/HAYST|JJD
/ULUL|NNC
/SIRAULO|JJD
/KAKAMBAL|NNC
/TALDE|NCC
/ORMECO|NNC
/HHYPERVENTILATE|FW
/JALOSI|NNC
/DEIB|NNC
/ASHERET|NNC
/HIKAW|NNC
/BABATION|VBAF
/RAPAS|JJD
/TIMAK|JJD
/JEJEMON|JJD
/URUUTRO|VBOF
/PAKSHIT|JJD
/NUNAY|NNC
/PADAON|VBOF
/HABABAWON|JJD
/DUDUSTA|JJD
/IUNCRUSH|VBOF
/IIBA|VBOF
/PUTADAE|JJD
/MOSKOV|NNC
/MAGETS|VBOF
/PAINOM|VBOF
/TAENA|JJD
/KASUBANGGI|NNC
/PATRANSLATE|VBOF
/ASIEL|NNC
/PWEDING|VBOF
/MAWARA|JJD
/PALDA|NNC
/AMININON|NNC
/BATERRY|FW
/MUMUDAHON|JJD
/BARAWIAN|NNC
/DUSTINE|NNC
/MALIVE|JJD
/HAGADON|VBOF
/NINDANG|JJD
/BABASA|VBOF
/SUSUGUDON|VBOF
/KIGKIG|NNC
/REDEACTED|FW
/ELYU|NNC
/NUTRIBUN|NNC
/DEYN|NNC
/ENYPHEN|NNC
/RULUHUON|JJD
/PEDENG|NNC
/YUDEPOTA|JJD
/KAADIRION|NNC
/SABUTON|VBOF
/BISTUHON|VBOF
/JEONGHUN|NNC
/KINGINA|JJD
/LUBOG|JJD
/NELI|NNC
/KAMOT|NNC
/MAILUWAS|VBOF
/CRREATIVE|FW
/KABANGAGNG|JJD
/AMSKI|NNC
/HUGAKAN|VBOF
/IGDELETE|VBOF
/PAKIHURUNAN|VBOF
/NAHIHILING|VBOF
/ANGASON|NNC
/VEBS|FW
/XIAOTING|NNC
/HUHUH|NNC
/MAGKATUROG|VBAF
/SUHAPON|VBOF
/BINUA|VBOF
/NIELA|NNC
/DADALI|VBOF
/SINAGAD|VBOF
/IGPA|VBOF
/IGAHANAP|VBOF
/MAEUMI|NNC
/PANGGIGILAN|NNC
/SHERMAINE|NNC
/NAGIULUKON|VBOF
/ITOM|JJD
/SAINDONG|NNC
/HOBI|NNC
/TITIPON|VBOF
/NAMISSON|VBOF
/HUDYAN|NNC
/CHINAT|NNC
/MAICA|NNC
/SENDAN|VBOF
/SUYIN|NNC
/TANOG|NNC
/IKIRILIG|VBOF
/AVOCADP|FW
/GADON|NNC
/IRIBAHAN|VBAF
/BEVERRLY|NNC
/LANOB|NNC
/ANDRS|NNC
/ANISHNABEK|NNC
/WROCAW|NNC
/MAGABATON|VBOF
/CELLHOUSE|FW
/ROGBA|FW
/IDTONG|NNC
/OPRESYON|NNC
/BLUECOLLAR|FW
/WALSK|FW
/RAWITDAWIT|NNC
/BUTINGTINGON|JJD
/NGANGAAN|NNC
/SALOG|NNC
/DICRASPIDIA|NNC
/DONNELLSMITHII|NNC
/NEOTESSMANNIA|NNC
/MACARAEG|NNC
/LUNADAN|NNC
/KAGTARAID|NNC
/OKTOBRE|NNC
/NAAKO|PRP
/KONTES|NNC
/KUBUNA|NNC
/HAGAD|NNC
/OROG|NNC
/PAWA|NNC
/VARACO|NNC
/MANGSAD|VBOF
/LIBERICA|NNC
/SAGKOD|NNC
/KABALI|NNC
/PEOPLESS|FW
/KASUGOAN|NNC
/GADANON|VBAF
/HANDAKUTEN|NNC
/ESTABLISARON|VBOF
/TARANOMAN|VBOF
/LIVEACTION|FW
/PIGHIRAHAY|VBOF
/ZULUAGA|NNC
/IDTO|CCP
/REAKTANTE|NNC
/PERMENTASYON|NNC
/PIGPAPARAUKAG|VBAF
/PIGSUSUMAN|VBAF
/NAGADAN|VBOF
/HULYO|NNC
/CELERIO|NNC
/ATENDER|NNC
/TUSTOS|NNC
/PALUPADAN|NNC
/ABCH|NNC
/BESTDRESSED|NNC
/SECONDGENERATION|NNC
/ONRA|NNC
/TOSTADONG|NNC
/BAWANG|NNC
/ISKALYON|JJD
/NGAWNGAW|JJD
/PARAROM|NNC
/NAORGANISAR|VBOF
/PRANSES|NNC
/MAGTOGTOG|NNC
/ASKAD|NNC
/PAGSIKAD|NNC
/GUMINANA|VBOF
/LINYADA|NNC
/PAKONTES|VBOF
/TAWYO|VBOF
/SIBULYAS|NNC
/URDUJA|NNC
/PIGBASE|VBAF
/ARTSNCCA|NNC
/NADADAOG|VBOF
/NAAAPOD|VBOF
/TATARET|VBOF
/PARABENTA|NNC
/CAMALIGAN|NNC
/ZAIDE|NNC
/BROADWAYCOM|FW
/HTTPSCOMMONS|FW
/IBALOI|NNC
/NAGPUON|VBOF
/MAGPARTISIPAR|VBOF
/FINAU|NNC
/TABAKACORO|NNC
/ASTISTANT|NNC
/LAISENIA|NNC
/QAARSE|NNC
/DARADARA|NNC
/LOTIS|NNC
/MANSANA|NNC
/SETYEMBRE|NNC
/PIGTATANTYA|VBAF
/KATAWO|NNC
/PAABUTON|VBAF
/HOROBETSU|NNC
/IBURI|NNC
/HOKKAID|NNC
/DAKITARAMON|NNC
/PRIMERAMENTE|FW
/BATALAY|NNC
/KARASALAN|NNC
/PARALIBOT|NNC
/BUSKAY|NNC
/BAYBAYON|NNC
/IBALON|NNC
/PIGAAGYAT|VBOF
/ANOMAN|NNC
/GABINITE|NNC
/TURKIYA|FW
/SOLNOPAN|NNC
/PRODUSIR|FW
/BUNGOTBUNGOT|JJD
/MALANYAON|JJD
/LAKANDULA|NNC
/CANUTA|NNC
/PIGTATARAM|VBOF
/NATIBO|NNC
/NATETE|NNC
/NORTESULNOPAN
/TANAYAD|NNC
/PAGKALOT|VBOF
/PALUWAS|NNC
/SAISIYAT|NNC
/TATARAMON|VBOF
/PIGBIBILOG|VBOF
/ASUKAR|NNC
/PHOSPATE|FW
/ENGANYAR|VBOF
/FERNNDEZ|NNC
/PARABADIL|NNC
/KNGWARREYE|NNC
/ANTHOSIA|NNC
/SUSPENSETHRILLER|FW
/MAKHUBU|NNC
/GRADWAR|NNC
/KRINIAR|NNC
/PASALING|NNC
/NABABA|VBOF
/NAWAWARAN|JJD
/J|NNC
/DANGAN|NNC
/PIGHAN|VBOF
/BUHAYONUTRO|JJD
/BHANDARE|NNC
/ARTIFAKS|FW
/HUBEN|NNC
/COCKERELS
/GOTJAWAL|NNC
/TANOM|VBOF
/PIGMAMALTA|VBOF
/NOBYEMBRE|NNC
/DEPRESYON|NNC
/GAWIGAWI|JJD
/HONTIVEROS|NNC
/ECIJABULACAN|NNC
/PRANSISKANO|NNC
/CLEUP|FW
/BATSILYER|NNC
/EDUKASON|NNC
/PIGASASINAR|VBOF
/MOSKU|NNC
/PANHUGAS|VBOF
/THOMASITES|NNC
/ANUKU|CCP
/NIGERIANONG|NNC
/BRAHMIC|FW
/DISYEMBRE|NNC
/BAINIRAMA|NNC
/JONAR|NNC
/LLANETA|NNC
/PARASITAS|NNC
/PIRINONG|NNC
/IGINUGUGOL|VBOF
/MINUKNA|NNC
/GRANTSINAID
/ASGPPA|NNC
/PRRYA|NNC
/SARNG|NNC
/TANAHMERAH|NNC
/NORTENG|NNC
/ZYRUS|NNC
/PINALE|NNC
/LANAODEL|NNC
/PURLA|NNC
/PWERLE|NNC
/NAAGOM|VBOF
/MARIKASON|NNC
/PIGSASANGAT|VBOF
/AROALDAW|JJD
/KAIBAN|NNC
/CONCHITINA|NNC
/WEBSAYT|FW
/NINSI|NNC
/ISAYMAN|NNC
/WWWBICOLMAILCOM
/KAIBANAN|NNC
/NEOFEMINISMO|NNC
/MASUSOG|JJD
/VICENCIANO|NNC
/VICENTINO|NNC
/GINANA|NNC
/PAGADAL|NNC
/CAMALIG|NNC
/POLANGUI|NNC
/MAMARIL|JJD
/NAMUNDAG|JJD
/OKTUBRE|NNC
/FILIPINONG|NNC
/PIRMA|NNC
/HALAWIG|NNC
/MALLIG|FW
/AUTOBIOGRAPIYA|NNC
/TIMORLESTE|NNC
/LAMIGTIS|NNC
/CORCHORUS|NNC
/OLITORIUS|NNC
/TISONG|NNC
/SYANG|CCP
/KAMATIS|NNC
/HINALEAN|NNC
/DESYEMBRE|NNC
/AMERIKANONG|NNC
/PARAKANTAPARAMUKNA|NNC
/PAZEH|NNC
/PIGKUA|VBOF
/MULTISERVICES
/PEJOSKI|NNC
/PATARATARA|NNC
/GIKAN|NNC
/PIGPUBLIKAR|VBOF
/PIGLALAY|VBOF
/PASIRING|NNC
/VENACIO|NNC
/MAISUSURAT|VBAF
/GUGUSTUHON|VBOF
/PIGINAUGURARAN|VBAF
/BLENCH|FW
/HAGKOS|NCC
/BIKOLANA|NCC
/PIGERAS|NCC
/MARAWI|NCC
/ISOG|JDD
/GINUGUYOD|VBOF
/MARINGIS|NCC
/GOBERNADORHENERAL|NCC
/MARIKAS|NCC
/TABEAUD|NCC
/LINFORMATION|FW
/GOGRAPHIQUE|FW
/FORESTIRE|FW
/BABAGUHON|VBOF
/FRASHEM|NCC
/BAYLAN|NCC
/SEORA|NCC
/PEAFRANCIA|NCC
/JOSEFINO|NCC
/HURI|CCP
/ARKEODIOSESIS
/IGWANG|NCC
/BINUDBODAN|VBAF
/POLONIZED|FW
/GINIKANAN|NCC
/ABAQA|NCC
/NATOMAR|NCC
/KASARO|NCC
/XIYE|NCC
/PIGTAWAN|VBOF
/GAHA|NCC
/TSEKO|NCC
/ILINUWAG|VBOF
/TSUKULATE|NCC
/ASBP|FW
/GAGAWADAN|VBAF
/SOLEMNENG|NCC
/IPACREMATE|VBOF
/KATALOGO|NCC
/MAGUNO|NCC
/IRANIRAK|NCC
/LAMBANG|CPP
/DOROS|NCC
/MINAIRIBAIBA|NCC
/HALIPOT|NCC
/USIPON|NCC
/SLABONG|NCC
/SUBANGAN|NCC
/W|NNCC
/NAUJAN|NCC
/FOOTTOWN
/BWAKAW|NCC
/BAKNG|CPP
/LINGLING|NCC
/EMBAHADOR|NCC
/APOSTOLICA|NCC
/FORADADA|NCC
/BRAZAL|NCC
/PARASURAT|NCC
/BIKOLNON|NCC
/MUTASSIM|NCC
/ALISLAM|NCC
/IMBURNAL|NCC
/LUGADAN|NCC
/PENGUHU|NCC
/LINUGAD|NNC
/NAIPAHILING|VBOF
/SINUSURAT|VBOF
/LIHISAN|NNC
/KINBAN|NCC
/INILADAWAN|VBOF
/LAPNAD|NNC
/SULNOPAN|NNC
/SALIDAHAN|NNC
/REBERENDO|NNC
/PIGSUSUPORTAHAN|VBOF
/GUNUAN|NNC
/PIGKAKLASIPIKA|VBOF
/TOMOHON|NNC
/RURUKAN|NNC
/PINARAS|NNC
/KUMELEMBUAI
/WOLOAN|NCC
/PARATARAM|VBOF
/KAGADANAN|NCC
/BUHAYPRESO|NCC
/TOLTOL|VBOF
/NIY|PRP
/BIYUDA|NCC
/SHIGEKO|NNC
/KINUKULTIBAR|VBOF
/BUTONES|NNC
/KAAFU|NNC
/TIGTUMAR|VBOF
/IBITAR|VBOF
/NAGIGIN|VBOF
/SUPERBISOR
/CHRISTIRES|NNC
/NWEBA|NNC
/RYBOLOVLEV|NNC
/TAGADISENYO|NNC
/GRAPIKO|NNC
/PIGAATAKE|VBOF
/NASYUN|NNC
/MANLAGNIT|VBOF
/CALOLBON|NNC
/FUENTEBELLA|NNC
/GODREVY|NNC
/ALBILAD|NNC
/MANLAINLAIN|JJD
/AREJOLA|NNC
/DIOKNO|NNC
/NANGENOTAN|NNC
/MAKAHILIS|JJD
/PARATUBOD|NNC
/MAPUWEDENG|NNC
/PAGKAKASABOT|NNC
/ESKRITURA|NNC
/MALINAWON|JJD
/KATALINGKASAN|NNC
/NAPAGKUKUAN|VBOF
/NAPUPUGAAN|VBOF
/ASAYTI|NNC
/MAGKAAROG|VBOF
/PULAHANES|NNC
/NAGWAWAGAYWAY|VBOF
/TADTAD|NNC
/KADAKUL|NNC
/BINIBILOG|NNC
/PORMOSANO|NNC
/MINNANESE|NNC
/MAKUKUA|VBOF
/NAGHAHALE|VBOF
/REYNIERE|NNC
/SAINTREMY|NNC
/NOSTREDAME|NNC
/PRINITOS|NNC
/VITORES|NNC
/AVAAZORG|NNC
/KAPWAMUKNA|NNC
/GAWE|VBOF
/VERGEL|NNC
/MINATAO|NNC
/HOBEN|NNC
/NAPOON|VBOF
/WARAYWARAY|NNC
/COVID|FW
/HAISKUL|FW
/V|FW
/BUPETE|NNC
/BUYCO|NNC
/FIDER|NNC
/ENOTENOT|JJD
/YAUN|NNC
/MAGPAESKWELAHAN|VBOF
/MIYERKULES|NNC
/TRAOR|NNC
/IMINUNDAG|VBOF
/PILSION|NNC
/NAKAAPEKTAR|VBOF
/PARPEO|NNC
/WARTABONE|NNC
/RAMYUN|FW
/NONGSHIM|FW
/BOGUM|NNC
/UMENHOFER|NNC
/KAKANON|NNC
/NAMIMIDBID|VBOF
/KUMBAGA|NNC
/ATIATIHAN|NNC
/PIGBARIT|VBOF
/CARIENA|NNC
/GEOGRAPONG|NNC
/RODRIGUEZA|NNC
/PIGTUGDAS|VBOF
/UETERSEN|FW
/YTZN|FW
/SCHLESWIGHOLSTEIN|FW