word,frequency
abaga,1
abidan,1
abiktima,1
abilidad,9
abiu,1
ablihan,1
abog,1
abohon,2
abokado,1
abrolhosensis,1
abtanan,1
abug,4
abughoan,1
aburido,1
abutanan,1
achab,1
achaz,1
achis,1
achsaph,1
actiniformis,2
adada,1
adalwa,1
adbays,1
adlalw,1
adlaw,109
adlawa,21
adlawadlaw,5
adlawng,3
administrasyon,4
administrasyong,1
adminstrador,1
adobong,1
adoram,3
adtong,2
adtuan,1
adubay,1
aduna,25
adunay,88
advetiser,1
adzhar,2
aequituberculata,1
agalon,2
agham,2
agianan,1
agigising,1
agipo,1
agnas,1
agng,1
agresibo,1
agrikultura,1
agupop,1
ahensya,2
ahia,1
ahira,1
ahisar,1
aholiba,1
aholibama,1
ahumai,1
akademiko,1
aklat,1
akoa,24
akoang,22
akoy,6
aksidente,4
aktibo,2
akusado,1
alagad,6
alagang,1
alahas,4
alaosto,1
alaut,1
alawiton,2
alemansya,1
alemanya,4
alerdyik,1
alibangbang,1
alijam,2
alilang,1
alimuot,1
allingi,2
almondiblataim,1
alokasyon,1
alsahon,1
alternatibo,1
alveopara,1
alveopra,1
alyenihena,1
amahan,54
amalecahanon,1
amalekahanon,1
amang,1
amarias,1
amasias,1
amaw,1
ambak,2
ambot,2
amerikana,1
amerikano,6
amihanang,4
amimislon,1
amoa,3
amoang,4
amorehanon,3
ampay,1
amua,1
anaa,32
anaay,4
anachanon,1
anamanam,1
anang,2
anathoth,1
anciano,8
andakan,1
andam,7
andanas,1
andap,1
angaw,2
angay,15
angayan,2
angkas,2
angkon,1
anha,2
anhi,1
animista,1
aning,13
anitos,1
antiamerikan,1
antipara,2
anusa,4
anyag,2
anyos,2
apapangig,1
aparador,1
apelyido,2
apendise,4
apheca,1
apilyedo,1
aplaya,1
apreloved,1
apuli,1
arabadehanon,1
arabah,1
aralin,1
aranghita,1
aratiles,1
arestado,2
arganite,1
ariglado,1
arites,1
arkitektura,1
aroer,1
arong,1
arphaxad,1
arsiel,1
asagaran,1
asawag,1
asawang,1
asaynment,1
asdod,1
asiria,1
asno,8
asperidad,1
astang,1
astronomiya,3
asukar,5
asul,6
aswang,1
at,3
atabay,7
atakehon,1
atay,2
atbang,3
atensiyon,1
atibook,1
atimana,1
atlantiko,1
atoa,4
atoang,2
atong,32
atua,5
atuang,1
atubangan,56
atubangon,1
atwubangan,1
austrlia,1
awaaw,3
awalay,1
awstralya,1
awtomatik,1
awtor,1
awtoridad,3
ayae,1
ayohon,1
ayos,1
ayskrim,1
aysti,1
azubah,1
ba,192
baalathbeer,1
baalpeor,2
babag,1
babaye,86
babayeng,2
baboy,10
baboyan,1
badlungun,1
badyet,1
baga,2
bagkoa,1
bagohay,1
bagyo,3
bagyong,3
bahalag,1
bahandi,6
baharan,1
bahil,1
bahin,33
baho,1
bahura,1
bajud,1
bakak,2
bakakon,2
bakal,1
bakante,1
bakanteng,1
bakasyon,2
bakgrawni,2
bakhaw,1
baklay,1
balaan,13
balaang,4
balabag,1
balac,4
balagon,1
balahibo,1
balakang,1
balangay,2
balanghoy,4
balaod,7
balaodnon,1
balatian,1
balaudnong,1
balaya,2
balaytambalanan,2
baldeng,1
balentino,1
balhibo,1
balhin,1
baliangao,1
baligho,1
baligtad,1
baligya,1
balili,1
balinsasayao,1
balitaron,1
balkonahe,1
balongbalong,12
balud,1
baluyot,1
balyena,7
bampira,2
banatayan,1
banay,20
bandihadong,1
bandila,3
banez,1
bangaw,1
bangkaw,2
bangon,1
bangsilog,3
bangus,1
banha,1
bantayan,3
bantayanan,1
bantog,5
bantogan,1
bantug,1
bantugang,1
bantuk,2
baog,1
bapor,1
baraha,1
barayuga,2
barberya,1
barko,6
barrabas,2
bartko,1
baruganan,2
baryo,7
basahon,8
basakan,2
basan,2
basig,1
basikong,1
baso,4
bataa,1
batalya,1
batanon,7
batasan,4
batawa,1
batay,1
batbat,1
batiis,1
batiun,1
batonon,1
bautismo,1
bayad,2
bayaning,1
bayaw,1
bayawan,2
baybay,5
baybayon,9
bayintesingko,1
bayk,1
baylo,1
baylohan,1
baynte,2
bayolet,3
bayot,3
bayranan,1
bayy,1
beerlahairoi,1
beerseba,3
benaia,1
beranda,3
bersikulo,1
bersyon,1
bethpua,1
bethpur,1
bibliya,2
bidlisi,1
bidyo,1
bigaon,2
bihira,1
biklonon,1
biktima,10
bilad,1
bilanggoan,2
bilding,3
bildo,1
bilgai,1
bilha,2
bilhan,1
bilubilo,1
bilyon,3
binabaye,1
binangan,1
binatonan,1
binhi,6
binihag,2
binilanggo,1
biniyaan,2
bintana,6
binturong,1
binuang,4
binuangi,2
binuhat,4
binuhatan,1
binuhi,1
bisag,10
bisan,123
bisaya,1
bisbis,1
biseklato,1
bisikleta,2
bisita,6
bisitahan,1
bisti,5
bisyo,1
bisyoha,1
bitok,1
bitoon,2
bituon,6
biyaan,3
biyahe,5
biyai,2
biyenan,1
biyernes,5
biyhae,1
biyolin,1
blonda,1
boangboang,1
bodbod,1
bolabola,1
bolpen,2
bolpena,1
bopeep,1
botelya,3
botilya,1
boton,1
boustrophedon,1
breo,1
brilyante,1
bruha,1
brunhild,1
buangbuang,8
bubuyog,2
budismo,1
budista,2
bugas,1
bugat,1
bugay,1
bughaw,1
bugnaw,3
bugsikan,1
buhangin,1
buhat,11
buhata,2
buhatan,1
buhati,1
buhaton,40
buhatonon,1
buhi,21
buhian,3
buhing,2
buhis,2
buhok,11
bukag,5
bukasa,2
bukid,23
bukira,1
buklaron,2
buknoy,1
buko,4
bukog,5
bukton,4
buktun,1
bulad,1
bulag,2
bulagaw,1
bulahan,1
bulak,17
bulakan,1
bulana,1
bulaw,1
bulawan,7
bulig,1
bulkan,4
bulohaton,3
bulok,1
bulsa,1
buluhaton,3
bumalik,2
bumbero,1
bumbong,1
bumuot,1
bunal,1
bundok,1
bungbong,3
bungtod,3
buntag,18
buntod,4
bunyaganan,1
buot,20
buotan,2
buotbuot,1
buriko,1
buslo,1
buslong,1
buslot,1
busog,2
busok,1
butang,29
butanga,14
butangan,2
butanganan,1
butanganang,1
butiki,2
butil,1
buto,1
butong,5
buwak,3
buwaka,1
buwan,2
buwis,1
buybust,1
buyog,1
byahe,2
byahi,1
c,2
cadesbarnea,1
cajipe,1
calamian,1
calauit,1
caldeahanon,1
cambaya,2
camello,3
camon,1
canaanhon,4
caril,1
carnero,20
carromata,1
casipit,1
casuy,1
champurado,1
chedorlaomer,1
chosilog,1
churaumi,1
cinehanon,1
circuncicion,1
circuncision,1
ciudara,3
coath,5
congbid,1
corallite,2
covid,10
cubay,1
cullamat,1
cycloseris,1
dadan,2
dadon,6
dagami,2
dagat,23
daghan,38
daghanan,1
daghang,87
dagko,4
dagkong,1
dagku,1
dagway,3
dakbalay,1
dakbayan,11
dakong,11
daku,9
dakung,5
dalag,5
dalaga,2
dalagan,1
dalagang,2
dalangpanan,1
dalaygon,1
dalikwat,1
dalon,2
dalonggan,1
dalubagham,2
dalubwika,1
dalunggan,1
damgo,5
danding,1
danghag,3
daotan,2
daotang,1
dapigan,1
dapit,25
dapita,5
dapitan,1
dapitngapuloyanan,1
daplin,3
dataging,1
dauban,1
dautan,8
dautang,2
dawntawn,1
dayag,1
dayalekto,1
dayari,1
dayun,3
de,8
defenseregion,1
dehuel,1
dekada,2
dekorasyon,1
dekorasyonan,1
delikado,2
demograpiko,1
desisyon,6
desiyon,1
desyerto,1
detalye,1
diay,12
dibongad,2
dibuho,1
dicla,1
didto,105
didtoy,2
didtto,1
digto,2
diha,65
dihadiha,6
dihang,4
dihay,5
dihihog,1
diin,15
diksyonaryo,1
diksyunaryo,1
dilicetacean,1
dilikado,1
dimensyon,1
dinakpan,1
dindin,1
dindo,1
dinhi,26
dinosawro,1
diosdios,2
direksyon,2
direkta,1
diretso,2
diria,3
diring,1
diristo,1
diriyut,2
disgrasya,1
diskarte,1
diskusyon,1
dison,1
distribusyon,1
disyembre,2
disyerto,2
diyakono,1
diyametro,1
diyaryo,2
diyutay,1
dodong,2
doktrina,1
dominggo,6
dosena,1
dotham,1
drayb,1
drayber,4
duaw,2
duawon,2
dudosu,1
duga,3
dugang,3
dugay,15
dugaya,1
dugayng,1
duggabon,1
dughan,7
dugo,15
dugoa,1
dugokon,1
dugongidae,1
duguong,1
duha,36
duhaduha,1
duhat,2
duktur,1
dulaan,4
dulom,1
dulumtanan,6
dumagsang,1
dumalaga,1
dumtan,1
dumudugopuso,1
dumuloong,7
dunay,4
dunot,1
duol,13
duot,1
duruha,16
duterte,6
dutertecarpio,1
dyamante,1
dyus,3
dyutay,1
e,1
ebidensiyaha,1
ebidensya,2
echanis,1
ecron,2
edralin,1
edukasyon,2
efeso,1
egiptohanon,2
egiptol,1
ehemplo,1
ekonomiya,2
eksam,1
eksobiyolohiya,1
eksperimento,1
eksperimentong,1
eksperto,2
ekstrahudisyal,1
ekstremista,1
ekstremor,1
elektrisidad,1
elepante,1
eliada,2
eliasaph,1
eliasib,1
eliphelet,2
elisama,3
emimenhon,1
emosyon,1
empleyado,1
emumehanon,1
endemik,2
endemiko,1
endimiko,1
engaste,1
engkuwentro,1
engkwentro,2
enoc,1
ensayklopedya,1
ensaymada,3
ensayohon,1
epekto,4
eroplano,2
erport,1
erythrura,1
escribas,1
eskandalo,1
eskulturista,1
eskuwela,1
eskuwelahan,2
eskuylahan,2
eskwela,2
eskwelahan,5
esmeraldo,4
esnak,1
espanyolmoro,1
espasol,2
espasyo,1
esperansa,1
esperantista,1
esperantisto,1
espesyal,1
espesye,2
espiritista,2
espisye,6
establisemento,1
estasyon,2
estefanas,1
estorya,4
estoryahan,1
estoryahon,1
estoryatsismis,1
estrellia,1
estrildid,1
estudyane,1
estudyante,8
estudyo,1
etiopiahanon,2
eufrates,1
evelio,2
exksotika,1
faraon,29
fariseo,1
filistehanon,5
forcesulu,1
frut,2
fungia,3
fungite,1
fungites,1
g,6
gaabot,1
gaano,1
gaatang,1
gaatubang,4
gabaon,1
gabas,1
gabasero,1
gabhiona,1
gabie,6
gabii,23
gabuhat,1
gadagum,1
gadahom,1
gadumot,1
gaduwag,1
gagamit,1
gagmay,5
gagmayng,1
gahapon,13
gahi,1
gahig,2
gahilak,1
gahiron,1
gahulat,1
gahum,2
gahunahuna,1
gahuyop,1
gaingon,1
gainom,3
gakaon,4
galaad,3
galaksiyang,1
galamyon,1
galingan,1
galunsad,1
galupad,7
galusgalosa,1
galuto,2
gamaw,1
gamayng,1
gambalay,1
gamhanan,1
gamit,4
gamita,1
gamiton,1
gamugna,2
ganahan,72
ganghaan,2
gangisingisi,1
ganiha,3
ganihang,2
ganina,1
ganinang,2
gapu,1
garantiya,1
gareb,1
garlene,1
gartzke,1
gasidlaksidlak,1
gasigarilyo,1
gaspang,1
gasul,1
gasunod,1
gatapunog,1
gatasan,1
gatosan,1
gatou,1
gatugon,1
gatugtog,1
gatuo,1
gatuon,2
gatus,10
gatusan,1
gauli,1
gawas,27
gawasanan,1
gawi,2
gayud,28
gedor,1
gergesehanon,1
gersom,1
giabiabi,1
giablihan,1
giadto,1
giadtoan,2
giagasan,1
giaklas,1
gialagaran,1
giamin,1
gianak,1
giandam,1
giangkan,1
giangkon,2
giapas,1
giatake,1
giatiman,1
giawasan,1
giayo,1
giayos,1
gibabagan,1
gibahin,2
gibahinbahin,1
gibalhog,1
gibalik,4
gibalitang,1
gibanabana,1
gibanhaw,1
gibanlud,1
gibaril,1
gibasa,2
gibasol,2
gibati,4
gibautismohan,1
gibayaw,1
gibbar,1
gibilin,3
gibinoangan,1
gibisita,3
gibiyaan,4
gibiyaang,1
gibohusan,1
gibuak,1
gibuang,1
gibubo,1
gibuhat,42
gibuhian,1
gibuklad,1
gibuksan,3
gibulagan,1
gibunalan,1
gibutag,1
gibutang,13
gibutngan,2
gibutyag,1
gidaghanon,4
gidakon,1
gidakop,3
gidakup,1
gidala,17
gidani,1
gidapigan,1
gidawat,2
gidayon,1
gidudahan,3
gidugang,2
gidulan,1
gidumtan,2
gidunggab,1
giduol,1
giestorya,1
gigamit,2
gigamot,1
gigamutan,1
giganahan,3
gigapus,1
gigawas,1
giguba,1
gigukod,4
gigulaan,1
gigunitan,1
giguntitan,1
gigutom,4
gihabogon,1
gihagkan,1
gihalad,4
gihalukan,3
gihampak,2
gihapak,1
gihapithapitan,1
gihapon,11
gihatag,12
gihatagan,8
gihatud,1
gihigtan,1
gihigugma,9
gihiguma,1
gihilamusan,1
gihilantan,1
gihilasan,1
gihimakak,1
gihimo,13
gihinganlan,8
gihisgutan,1
gihubit,1
gihubog,1
gihugawan,1
gihukad,1
gihukman,1
gihulat,1
gihulga,3
gihulog,1
gihuman,1
gihunahuna,5
gihungitan,1
gihuwad,1
gihuwat,1
giila,6
giimprove,1
giingnan,3
giingon,29
giingong,5
giingun,2
giinngon,1
giinom,2
giisip,3
giistorya,1
giistoryahan,1
giitsahan,1
gika,1
gikalipay,1
gikalot,1
gikan,159
gikansela,1
gikaon,10
gikapoy,4
gikapuyan,1
gikasubo,1
gikataho,5
gikatawan,2
gikawat,1
gikawatan,1
gikidnap,1
gikiskisan,1
giklasipikar,1
gikonsidera,1
gikubkob,1
gikuha,22
gikuhaan,1
gikulbaan,1
gikumpirma,1
gikuptan,1
gilabay,2
gilabayan,1
gilabog,1
gilaglag,2
gilain,2
gilakip,2
gilakipan,1
gilalin,1
gilamoy,1
gilangan,1
gilangkuban,6
gilas,1
gilata,1
gilayon,1
gilibutan,1
giligid,1
gilimbongan,1
gilimod,1
gilimpyohan,1
gilista,3
giliyokan,1
giluagan,1
gilubong,4
gilupigan,1
gilusok,1
giluto,3
gilutoan,1
giluwas,2
gimandoan,1
gimarinate,1
gimata,1
gimatoto,1
gimingaw,1
ginaagian,1
ginaangkon,1
ginaatake,1
ginabadlong,1
ginabalaan,1
ginabaligya,1
ginabasa,1
ginabatasan,1
ginabilin,1
ginabuhat,7
ginabunalan,1
ginadahum,1
ginadawat,1
ginadumtan,1
ginagamit,1
ginahasol,1
ginahimo,1
ginahulat,2
ginahunahuna,1
ginaingon,6
ginaingong,1
ginaingun,1
ginakahadlokan,1
ginakaon,2
ginakumot,1
ginaluto,1
ginamatarung,1
ginapabuhat,1
ginapadako,1
ginapakaon,4
ginapakaulawan,1
ginapakuratan,1
ginapamatngun,1
ginapamulong,1
ginapanagiyahan,1
ginapangagian,1
ginapangayo,1
ginapangita,4
ginapapadayun,1
ginapasabot,1
ginapatay,1
ginapinturahan,1
ginarespeto,1
ginasagol,1
ginaselebrar,1
ginaselosan,1
ginasilutan,1
ginasingkahan,1
ginasolusyunan,1
ginasulat,1
ginasuliyawan,1
ginasulti,1
ginataan,1
ginataang,1
ginatagaan,1
ginatago,2
ginatagoan,1
ginatawag,2
ginatuyo,1
ginaunsa,2
ginganlan,1
gingharian,2
ginhawa,2
ginikanan,8
ginkaonon,1
ginoo,16
ginoong,7
ginuo,1
gipaabot,2
gipaabut,3
gipaadto,2
gipaagpas,1
gipaak,1
gipaanhi,2
gipabuhat,1
gipabukalan,1
gipadala,2
gipadali,1
gipadayag,1
gipadayon,2
gipagawas,3
gipagtanggol,1
gipagula,4
gipahayag,6
gipahibalo,1
gipahimuslan,1
gipahinumdom,1
gipailaila,1
gipakamaayo,2
gipakaon,3
gipakaslan,1
gipakatawhan,1
gipakatulog,1
gipakaubos,1
gipakaulawan,1
gipakiglalisan,1
gipakiglantugian,1
gipakita,2
gipalabi,1
gipalakaw,1
gipalimpyohan,1
gipalit,1
gipalitan,2
gipalubog,1
gipamalit,1
gipamatay,7
gipaminaw,1
gipamulong,4
gipanaghukman,1
gipanagiya,2
gipanalipdan,2
gipanamaran,1
gipangaliyupo,1
gipanganak,4
gipangandoy,1
gipangasawa,1
gipangbuhat,1
gipanghambog,3
gipanghimatudan,1
gipangita,3
gipangluwas,1
gipangsulti,2
gipangutana,3
gipaningkamotan,6
gipansulti,1
gipanumpa,1
gipapahawa,2
gipapanumpa,2
gipapauli,1
gipasabut,1
gipasagdan,1
gipasaka,1
gipasalamatan,2
gipasiugda,1
gipasugoan,1
gipasulod,3
gipasunod,1
gipatalinghugan,1
gipatanaw,1
gipatawag,2
gipatay,25
gipatugbaw,2
gipatuotuo,1
gipaubos,3
gipildi,1
gipili,7
gipintalan,1
giporma,1
gipreserba,1
gipuga,1
gipugngan,1
gipukaw,1
gipuno,1
gipusil,1
girespetohan,1
gisaad,3
gisabayan,1
gisablig,1
gisagol,1
gisagpa,1
gisagulan,1
gisakit,2
gisakot,1
gisakyan,1
gisalikway,2
gisampay,1
gisaulog,2
gisayawan,1
gisentensiyahan,1
gisenyasan,1
giserhan,1
gisidlakan,1
gisiong,1
gisugat,1
gisugdan,1
gisugilon,2
gisuginlan,5
gisugo,10
gisugyot,2
gisukod,1
gisulat,1
gisulayan,2
gisulbad,1
gisuloban,1
gisulod,1
gisulti,9
gisultihan,2
gisulud,1
gisumite,1
gisundan,1
gisundog,1
gisuportahan,1
gisuspinde,1
giswerte,1
gitabang,1
gitabangan,4
gitagaan,1
gitagalan,1
gitagana,1
gitago,2
gitaho,3
gitanaw,1
gitanggal,1
gitanom,1
gitara,2
gitason,3
gitawag,5
gitawagan,1
gitigum,5
gitilapan,1
gitimbaya,1
gitinguha,1
gitipigan,1
gitokahan,1
gitubag,1
gitudlo,2
gitudloag,1
gituganan,1
gitugob,1
gitugtan,1
gitukod,2
gituman,1
gitungtong,2
gitunob,1
gituohan,3
gituyo,2
gituyod,2
giubanan,1
giugdaw,1
giuhaw,1
giuloulohan,1
giunhan,1
giunsa,8
giwala,1
giwali,1
giyawaan,1
giyawit,1
giyera,1
giyud,1
gobyerno,3
gobyernosapagkadestiyero,1
goliat,1
golpkors,1
grahe,1
grasya,3
gregong,1
griffini,1
griyego,1
gubat,6
gubon,1
gubot,2
gubuta,1
gudngari,1
guinikanan,3
gukod,1
gulaman,1
gulanan,1
gulay,3
gulayan,1
gumamela,5
gunforhire,1
guniti,2
gusok,1
gustog,1
gutom,11
gwapa,2
gyod,3
gyong,1
gyud,36
habagatan,2
habagatang,4
habila,1
habol,4
habolhabol,1
hadassa,1
hadlok,2
haduol,6
hagdan,1
hagdanan,2
hagdawan,1
hagiton,1
haguros,1
haing,1
hakog,1
halad,13
haladngabinayaw,2
haladngailimnon,2
haladngakalanon,7
haladngasinunog,8
haladngatinabyog,2
haladsapakigdait,6
haladsapasalamat,1
haladtungodsapaglapas,1
haladtungodsasala,14
halalum,1
halangdon,1
halapad,1
halaran,9
halayo,2
halhul,1
haligi,3
haligisapultahan,1
halimbawa,1
halohalo,2
halokan,1
haluhalo,1
hambog,2
hambugero,1
hamog,1
hamotehanon,1
hampak,2
hampakon,2
hamtong,2
hanas,1
hanay,1
handumanan,2
handurawan,3
handurawat,1
hangda,1
hangtod,15
hangtodhangtod,1
hangtodmga,1
hangtud,31
hangyo,1
hanoh,1
hantod,2
hapit,10
hapon,23
hapsay,1
harbona,1
hardinero,1
hasarenan,1
hasarsual,1
hasmona,2
hasor,2
hataas,1
hatag,2
hatagan,2
hatagas,1
hatagi,4
hatagig,1
havila,1
hawan,3
hawanan,1
hawod,7
hawud,1
hayag,1
haykap,1
hayop,42
hayup,1
hebreohanon,2
heliofungia,2
henerasyon,1
henero,7
hepe,1
hepher,1
heran,1
hesbon,2
hetehanon,3
hibaloan,2
higala,9
higayon,8
higda,1
higdaanan,5
higot,1
higugmaon,3
hikaplagan,2
hikaplagi,2
hikapon,2
hilabihan,5
hilak,3
hilaw,3
hilig,2
hilisgutan,1
hilom,4
himabayi,1
himaya,2
himo,3
himoa,2
himoon,2
himuon,4
hinabang,1
hinagiban,6
hinanali,2
hinapon,2
hinaut,5
hinay,5
hinayhay,2
hinayhinay,2
hingarangan,1
hingdunggan,4
hingiki,1
hingkalimtan,1
hingkaplagan,1
hingpit,4
hingtundan,1
hinilak,1
hinimo,1
hinonoa,2
hinoon,3
hinooy,1
hinuat,1
hinuboan,1
hinumduman,2
hinumdumi,2
hinungdan,18
hinungdanon,5
hinunoa,1
hinuon,2
hiphip,2
hirit,1
hisakti,1
hisopo,1
hitabo,2
hitsara,1
hiumaginit,1
hobab,1
hobi,1
holdaper,1
hopia,1
hopiang,1
horehanon,1
horma,1
hubag,2
huboa,1
hubog,2
huboon,1
hudno,1
hugas,1
hugasan,1
hugason,1
hugot,2
hukmanan,1
hukom,1
hulagway,2
hulat,1
hulga,2
hulyo,1
humatag,1
humay,1
humot,2
hunahuna,20
hunahunaa,1
hunahunaon,2
hungit,1
hungitan,1
hungog,1
hunungan,1
hunungdan,1
hunyango,1
hunyo,2
huorthurot,1
hupiter,1
husay,2
hustisya,3
husto,3
hustong,1
huwamon,1
huwebes,1
hyelo,1
ibabaw,50
ibaligya,4
ibalik,4
ibaliwala,1
ibantay,1
ibutang,1
ibzan,1
idad,1
ideya,5
idumeahanon,1
iemail,1
igaanak,1
igabilin,1
igabutang,7
igadugtong,1
igahalad,6
igahatag,1
igaingon,1
igapadala,1
igapahampak,1
igapalibud,1
igapanganak,1
igasalikway,1
igasugo,1
igasulat,2
igasulob,1
igasulod,1
igatudlo,1
igatuslob,1
igbabaw,1
igdulungog,1
igpapahulay,5
igsapayan,1
igsoon,54
igsoong,2
igsuon,6
igsuong,1
igsusugnod,1
igtatambag,1
ihalas,4
ihalay,1
ihap,7
ihatag,8
ihatod,1
ihatud,1
iheabarim,1
ihemplo,1
ihugpong,1
ihulagway,1
iingon,5
iinyoha,1
iistorya,2
ikabutang,1
ikabutangbutang,1
ikadaghan,1
ikadisisayes,1
ikaduha,8
ikaduhang,4
ikahatag,1
ikalima,4
ikalimang,2
ikalisud,1
ikamaayo,1
ikamatay,2
ikanapulo,2
ikang,1
ikapanghambog,1
ikapapatay,1
ikapila,1
ikapito,8
ikapulo,7
ikasa,2
ikasaway,1
ikasugilon,1
ikasugyot,1
ikatolo,6
ikatulong,1
ikaulaw,1
ikauli,1
ikaupat,3
ikaw,66
ikawalo,3
ikyas,1
ilabay,2
ilado,3
ilaga,3
ilahang,7
ilakip,1
ilalom,4
ilalum,10
ilaron,1
ilawom,1
ilhanan,2
ilimnon,7
ilis,5
ilisi,1
ilong,2
imabaw,1
imahenasyon,1
imahinaryong,1
imbes,1
imbestiga,1
imbitar,1
imbitaron,1
imitaran,1
imnon,1
imoha,2
imohang,10
imong,295
imperyal,1
impormasyon,1
importansya,2
imuha,5
imuhang,6
imung,1
inaayawan,1
inagaw,2
inahan,12
inalagad,1
inay,1
inayaman,2
inbetasyon,1
incensario,3
incienso,2
inday,2
indopacific,1
indopasipiko,1
industriyalisasyon,1
inengles,1
infrastraktura,1
inglatera,2
ingna,6
ingni,1
ingnon,2
ingon,77
inhenyero,1
inhustisya,1
inig,4
inigagi,1
inigsaka,1
inigtabok,2
inimport,1
iningles,4
inintsik,1
inistoryahang,1
innergerman,1
inosente,1
insidente,1
inspirasyon,1
institusyon,1
instruktura,1
intawon,3
interbyu,1
intersado,1
inuli,1
inumon,1
inusa,3
inusara,4
inusarang,1
inyoha,1
inyuha,1
inyuhang,1
ipadala,3
ipadawat,1
ipadayun,1
ipaduol,1
ipahampak,1
ipahilayo,2
ipahimutang,1
ipaholug,1
ipailaila,1
ipaingon,1
ipakaon,1
ipakita,3
ipakitaa,1
ipamatuod,1
ipamulong,4
ipanghatag,1
ipangomusta,1
ipapriso,1
ipasabot,2
ipasikad,1
ipatago,1
ipiyong,1
ipokresiya,1
ipon,1
ipreserba,1
irding,2
irekomenda,1
iring,7
irkon,1
irog,1
iroo,1
isagol,1
isandig,1
isboseth,1
isigka,1
isigkatawo,6
isipa,1
iski,1
iskina,1
iskolar,2
iskultura,1
islide,1
isog,4
ispagheti,2
ispesimen,1
ispesimento,1
istakmarket,1
istasyon,2
istorbo,1
istorya,18
istoryador,1
istoryahan,2
istoryahon,1
istrikto,1
istruktura,2
istudyanti,1
isugilon,1
isugo,1
isuhol,1
isulat,3
isulod,1
isulti,12
isuwat,1
isyu,2
itaas,3
itabyog,1
itago,1
italya,2
italyano,3
itandi,1
ithrihanon,2
itik,1
itlog,15
itnan,1
ito,2
itom,2
itomon,1
itoy,1
ituay,1
itugot,2
itugyan,1
itukod,1
itum,2
iuli,2
iunsa,1
iyaan,3
iyaha,16
iyahang,13
iyahanh,2
iyahat,2
iyang,359
iyon,1
iyuhang,1
jahath,2
jaijai,1
janum,1
jaser,1
jebusehanon,1
jedaias,1
jemuel,1
jennylyn,1
jerameel,1
jeremoth,1
jesaus,1
jesucristo,5
jetjet,1
jevilyn,1
joachaz,1
joas,2
jobab,1
joiarib,1
joksan,1
jongjong,1
joyada,1
judio,3
juvenie,1
ka,904
kaadlaw,1
kaadlawon,2
kaagangan,2
kaalam,5
kaalaut,1
kaalyado,1
kaanib,1
kaarang,1
kaawaawan,1
kaaway,7
kaayo,64
kaayong,2
kababayan,1
kabaga,1
kabahin,1
kabalaka,4
kabalaoran,4
kabalo,48
kabalong,2
kabanayan,3
kabankalan,1
kabaskog,2
kabataan,3
kabatok,1
kabaw,3
kabayanihan,1
kabayo,7
kabilin,3
kabos,2
kabuang,2
kabuangan,1
kabubuton,3
kabugat,1
kabugaton,1
kabugatong,1
kabukiran,3
kabungturan,1
kabuntagon,1
kabuok,1
kabus,7
kadagatan,2
kadaghan,3
kadaghanan,9
kadaghanang,1
kadaghang,2
kadagkuan,1
kadako,1
kadakon,1
kadaku,1
kadalanan,3
kadali,1
kadanghag,1
kadaogan,1
kadaot,1
kadato,1
kadaugan,1
kadaut,2
kadautan,1
kadesisyon,1
kadiyot,2
kadlawon,1
kadto,8
kadtong,31
kadugay,2
kadugayg,1
kaduha,1
kadungganan,1
kagabhion,2
kagabi,1
kagabii,2
kagahapon,3
kagahum,2
kaganihang,1
kagawasan,1
kagtungang,1
kagubot,2
kagulangon,1
kaguol,2
kahadlok,4
kahadlokan,1
kahalayo,1
kahang,1
kahangturan,3
kahaponan,1
kahawaon,1
kahayag,1
kahayupan,17
kahibalo,19
kahibaw,5
kahibulongan,1
kahiladman,2
kahilakon,1
kahilomon,1
kahimo,1
kahimsog,5
kahimtang,8
kahimutan,1
kahinumdom,2
kahinungdan,1
kahitasan,2
kaholugan,1
kahon,3
kahoy,20
kahubo,1
kahugawan,1
kahulogan,1
kahumok,1
kahumot,1
kaigsoonan,2
kailog,1
kaimportante,1
kaingin,1
kainit,1
kaislahan,1
kaistorya,2
kakaapas,1
kakahoyan,2
kakanin,1
kakaya,1
kaklase,1
kakulba,1
kakuli,1
kakusogon,1
kalabera,1
kalabutan,2
kalag,6
kalaga,2
kalagbas,1
kalagot,2
kalahian,1
kalalim,1
kalamansi,1
kalamansiang,1
kalamay,2
kalamboan,1
kalamidad,1
kalampusan,1
kalanggaman,1
kalangitan,3
kalanon,4
kalapasan,1
kalapati,3
kalapti,1
kalasangan,6
kalayo,13
kalayua,1
kaldero,1
kalibog,1
kalibonan,1
kalibotan,2
kalibutan,14
kaligon,2
kaligrapiya,3
kaligutgut,4
kalihokan,3
kalihukan,1
kalikopan,1
kaliman,5
kalimot,1
kalimtan,1
kalimti,3
kalinaw,1
kalingawan,1
kalipay,7
kalisang,2
kalisdanan,1
kalisod,1
kalisud,3
kalit,4
kaliwat,2
kaliwatan,18
kaliwatana,2
kalooy,3
kalota,1
kalsada,1
kalseng,1
kaluhaan,5
kalungsoran,7
kaluwasan,3
kamagulangan,1
kamalig,1
kamananapan,1
kamandang,1
kamanghuran,2
kamatay,3
kamatayan,1
kamatayon,37
kamatikod,1
kamatis,3
kamatsile,1
kamatsili,2
kamatuoran,6
kambal,2
kambyo,1
kambyuon,1
kamingawan,13
kamiy,1
kamog,3
kamong,3
kamot,45
kamoy,1
kampana,1
kampanya,1
kan,1
kanaanan,1
kanall,1
kanamo,11
kananan,4
kanang,5
kanasuran,1
kanato,7
kanding,12
kang,271
kangitngit,2
kanhi,2
kanhing,2
kaniadto,4
kaniadtong,33
kanimo,62
kanindot,2
kaning,1
kaninng,1
kaninyo,35
kaninyong,2
kanita,1
kaniya,109
kanlaon,1
kanluran,1
kannaway,1
kanselahon,2
kanser,1
kantidad,1
kanuman,5
kanunay,14
kanus,1
kanusa,23
kanusaka,1
kaonon,2
kapahulayan,2
kapait,1
kapaitan,1
kapakyasan,2
kapalaran,1
kaparehas,2
kaparotan,1
kapasar,1
kapaskuhan,1
kapaspas,1
kapatag,1
kapatagan,9
kapatan,3
kapayas,1
kapehan,2
kapeterya,1
kapihan,5
kapilian,3
kapin,1
kapitoan,1
kapitulo,1
kapoy,1
kapuli,1
kapulisan,2
kapulongnan,1
kapungot,2
kapupudan,1
kapuslanan,1
karaang,1
karahay,1
karera,1
karga,1
karmelitos,1
karne,6
karnero,4
karong,20
kasaba,2
kasabot,10
kasabotan,1
kasabutan,1
kasadpan,1
kasagaran,6
kasagarang,5
kasagbutan,1
kasakay,1
kasakit,2
kasakitan,1
kasalanan,2
kasaligan,2
kasamok,1
kasamtangan,1
kasamtangang,2
kasangkapan,1
kasapinitan,1
kasarang,1
kasaypanan,1
kasaysayan,3
kasayuran,3
kasidlakang,1
kasiguruhan,1
kasilyas,3
kasina,1
kasinatian,1
kasingdalo,1
kasingkasing,10
kasiyaman,3
kastila,1
kastilyo,19
kasubanan,1
kasugoan,8
kasuguan,1
kasuko,3
kasulti,1
kasundalohan,2
kataas,3
katabang,1
katahom,1
katahum,1
katahuran,1
katalagman,4
katapolan,1
kataposan,2
katapusan,11
katarungan,2
katawanan,2
katawhan,7
katawohan,42
katedral,1
katigayunan,1
katigulangang,1
katigulangon,1
katilingban,19
katingadan,1
katingadhang,1
katingala,2
katipuneros,1
katkat,1
katloan,9
katoliko,1
katoohan,1
katou,2
katsila,1
katubigan,2
katuig,4
katuigan,1
katulad,1
katulog,1
katulugon,1
katunga,4
katungangbanay,1
katungdanan,1
katungod,6
katuohan,1
katuohang,1
katuyoan,3
kauban,16
kaubanan,6
kaubang,2
kaugalingon,33
kaugalingong,5
kaugmaon,1
kaulaw,3
kaulohan,1
kaumahan,3
kaunon,1
kawala,1
kawalay,1
kawaloan,1
kawanangan,1
kawang,1
kawatan,9
kawayan,1
kawota,1
kayamukat,1
kaylap,2
kaynakataas,1
kaysa,10
kayutaan,2
kemika,1
kemistri,1
kenath,1
kerkhove,1
keso,5
keyk,7
kiasagaran,1
kibrothhataava,1
kilid,10
kiliran,1
kilometro,2
kilong,1
kilusang,1
kinabuhi,31
kinadakang,1
kinadugayan,1
kinahabogang,1
kinahaglan,1
kinahanglan,65
kinahanglang,2
kinahanglanon,1
kinahitasan,1
kinaiya,1
kinaiyanhon,1
kinamanghuran,2
kinaon,1
kinataliwadan,1
kinatawhang,1
kinatibukang,1
kinatumyan,1
kinatungan,1
kinaubsan,1
kinhason,1
kining,29
kiniy,2
kinsa,70
kinsang,3
kinsay,14
kinse,2
kinuha,1
kinumot,1
kinyentos,1
kiriatharba,1
kitaanan,1
kitang,2
klaro,29
klarong,3
klase,22
klasehana,1
klasehanan,1
klaseng,1
klasmet,1
ko,413
kolehiyo,1
koleksyon,2
kolesterol,1
kolon,1
kolonya,1
koloranan,1
kombiksyon,2
komiti,1
komitiba,1
komitido,1
komonwelt,1
kompaniya,1
kompanya,2
komplikado,1
komportable,1
kompyuter,3
komunidad,2
kondili,10
kondisyon,2
kondol,1
kongresista,1
konong,1
konsensya,1
konsepto,1
konserbatibo,1
konsyerto,1
kontahay,1
kontaminado,1
kontento,1
kontrobersyal,1
kooperasyon,2
kopa,2
korales,1
koryano,1
kotonkendi,1
kotse,3
krema,3
krimen,1
kristiyano,1
kristiyanong,1
kristuhanon,1
kritikal,1
kritisismo,1
kudlit,1
kugmo,1
kuha,5
kuhaa,7
kuhaon,2
kulang,2
kulturang,1
kulungan,2
kumagko,2
kumpara,3
kumpirmado,1
kumpirmadong,1
kumuha,2
kumusta,4
kun,13
kundili,1
kuneho,2
kung,89
kunot,1
kupon,1
kurapsyon,1
kurbata,1
kursunadahan,1
kurukunto,1
kuryente,2
kusgan,2
kusganong,1
kusina,27
kusinera,1
kusinero,1
kusion,2
kusog,9
kuspad,1
kusuga,1
kutob,1
kutsarita,1
kutsilyo,3
kutsinta,2
kuwadrado,1
kuwadrados,1
kuwarto,3
kuwenta,1
kuwintas,1
kuyabog,2
kwarenta,1
kwarta,16
kwartaha,1
kwartang,2
kwarto,11
kwartoha,1
kwelyo,1
kwenya,1
kweti,1
l,1
laad,1
laay,1
labahunon,1
labaw,9
labawng,2
labhunonn,1
labihan,1
labing,23
labot,2
labrusca,1
labut,7
labutlabot,1
lachis,2
ladang,1
lagay,1
lagda,1
lagmit,1
lagom,1
lagot,1
lagsaw,1
lahi,10
lahilahi,1
lahing,1
lainlain,2
lainlaing,4
lakang,2
lakaw,1
lakeng,12
lakinon,1
lakip,4
lalake,99
lalaki,22
lalang,1
lalawigan,5
lalim,1
lalison,1
lalom,2
lamamg,1
lamian,2
lamisa,3
lamok,1
lampara,1
lamparahan,1
lanaw,1
landak,1
langayan,1
langgam,25
langgan,1
langgyaw,1
langka,1
langoy,1
langub,2
langyaw,4
lantawon,1
lapalapa,1
lapok,2
larawan,1
lasang,6
lawak,5
lawas,19
lawom,2
lawum,1
layas,2
laybrari,1
lemonada,1
lemonsito,1
lenggawahe,1
letse,1
levadura,10
levihanon,7
liamen,1
libni,1
libolibo,1
libroha,5
librong,1
libuton,1
ligal,2
ligdong,1
ligonon,1
likayan,1
likayi,1
likido,1
likobalay,1
likod,5
likoran,1
limaw,1
limitado,1
limitadolaing,1
limoh,1
limonsito,1
limpyo,1
limpyohan,1
linaw,2
lingin,3
lingkod,2
lingkoranan,4
lingkuranan,7
lingsod,1
linibo,3
linilok,1
linog,6
linta,1
linugsanay,1
linya,4
linyahe,1
lipay,1
lipodlipod,1
lisensya,1
liso,2
lisod,6
lisodan,1
listahan,3
lisud,6
litson,1
lokasyon,1
longganisa,1
longsilog,1
lubi,3
lubnganan,2
lubong,2
lubot,1
ludim,1
lugas,1
luglog,1
luha,2
luisita,2
lukob,1
lumad,8
lumakaw,2
lumalangyaw,1
lumboy,1
lumon,4
lumulopyo,1
lumulupyo,1
luneta,1
lungib,1
lungsod,28
lungsora,1
lungsoranon,1
lungtian,1
lungtiang,1
lunhaw,5
lunop,1
luntian,3
luspad,3
luto,3
lutuon,2
luwason,1
luya,1
luyo,6
m,1
maabut,1
maalam,1
maalamon,1
maamgohan,1
maanindot,2
maantigo,1
maantos,1
maanyag,3
maasawa,1
maasin,1
maayo,57
maayong,21
maazias,1
mabangis,2
mabasa,2
mabaw,3
mabayran,1
mabinantayong,1
mabiyaan,1
mabuak,1
mabugat,1
mabuhat,4
mabuhi,7
mabuhian,1
mabulahan,4
maceda,1
maceloth,1
macpela,1
madagayaon,1
madagumon,1
madaku,1
madakup,1
madali,1
madangat,1
madaog,1
madaot,1
madasmagi,1
madawat,1
madian,1
madon,1
madremadre,1
madugay,1
madugta,1
madungan,1
madunggan,2
madyik,1
magaagay,1
magaalagad,4
magaandam,1
magaasoy,1
magabahin,1
magabalaan,2
magabalhin,1
magabaligya,1
magabalik,1
magabanhaw,1
magabantay,5
magabatok,1
magabaton,1
magabayaw,1
magabitbit,1
magabubo,1
magabuhat,4
magabutang,1
magadala,3
magadangat,1
magadawat,1
magadto,2
magaduol,2
magagawi,1
magaginoo,1
magahalad,13
magahatag,5
magahikap,1
magahiling,5
magahimo,3
magahimog,1
magahukom,2
magahupot,1
magaihaw,1
magaingon,7
magakaaway,1
magakalipay,1
magakalooy,1
magakaon,14
magakataas,1
magakatulog,1
magakiskis,1
magakuha,8
magalaglag,2
magalamoy,1
magalas,1
magalibut,1
magalikos,1
magaliso,1
magalubong,1
magaluwas,2
magamit,1
magamping,2
magandar,1
maganes,4
maganhi,1
magantus,2
maganunot,1
magapabilin,1
magapadala,2
magapadulong,1
magapahaduol,1
magapahaluna,1
magapahamutang,2
magapahulay,1
magapakita,2
magapalabilabi,1
magapalihok,1
magapalinaw,1
magapamupo,1
magapanagiya,1
magapanalangin,1
magapangasawa,1
magapangita,1
magapanimalus,2
magapapahawa,1
magapasakit,1
magapasalaag,1
magapasalamat,1
magapasidaan,1
magapasuso,1
magapatalinghug,7
magapatay,2
magapili,1
magaprenda,1
magapugas,1
magapuyo,8
magasablig,1
magasalin,1
magasimba,1
magasingkamot,1
magasugo,1
magasugod,2
magasuka,1
magasulti,4
magasunog,2
magasupsup,1
magatabang,1
magatago,1
magatamay,1
magatiawtiaw,1
magatindog,1
magatubang,1
magatugot,1
magauban,1
magaula,1
magauma,1
magauswag,1
magbabalaod,1
magbakasyon,1
magbaklay,1
magbaktas,1
magbalantay,10
magbantay,1
magbasa,5
magbaton,2
magbayle,1
magbilin,1
magbotar,1
magbuhat,2
magbuot,1
magbus,1
magdagkot,1
magdawat,2
magdesisyon,1
magdrayb,1
magdugay,2
magdula,4
magdumot,1
magduol,3
magdutsa,1
mageksersays,1
mageskwela,2
maggubat,1
maghalad,3
maghatag,4
maghigda,2
maghilak,1
maghimo,3
maghubad,1
maghuhubad,1
maghuhukom,3
maghulat,4
maghulatmaghuwat,1
maghunahuna,2
maghunong,1
magigsoon,2
magihap,1
magingles,2
maginusara,1
magisip,1
magka,1
magkadiyut,1
magkalagarat,1
magkalainlain,1
magkatagsa,1
magkita,2
magkuha,5
maglaaglaag,1
maglakaw,4
maglakip,1
maglalis,1
maglangkob,1
maglibut,1
maglukat,1
maglungtad,1
magluto,6
magmahay,1
magmalampuson,1
magmalinawon,1
magmalipayon,1
magmasinugtanon,1
magminatay,2
magnalog,1
magpabilin,5
magpadagan,1
magpadala,1
magpadayon,1
magpahamtang,1
magpahibalo,1
magpahimulos,1
magpahulay,1
magpahuway,1
magpaipon,1
magpakaarongingnon,1
magpakamatay,3
magpakita,1
magpalit,3
magpanit,1
magpapatigayon,1
magpaputol,1
magpasalamat,2
magpasaylo,1
magpasugo,1
magpataka,1
magpatalinghug,1
magpatanaw,1
magpatugtog,1
magpiknik,1
magpili,2
magpranses,1
magpudo,1
magpugas,1
magpuli,1
magpupugas,1
magpuyo,5
magsaka,1
magselebrar,1
magsige,1
magsilbi,2
magsingkamot,1
magsoon,1
magstorya,2
magsugat,1
magsugod,7
magsulob,1
magsulod,1
magsulti,4
magsuporta,1
magtakong,1
magtali,1
magtanum,1
magtenis,1
magtiayon,1
magtiltil,1
magtintal,1
magtiwas,1
magtotogtog,1
magtugot,1
magtulog,1
magtuon,6
magtutudlo,6
magtutungha,1
maguba,1
magubot,1
magula,1
magulang,3
magunsa,2
magustohan,1
magustuhan,1
magutman,1
maguugda,1
maguuma,4
magviral,1
mahabilin,1
mahadlok,2
mahaigo,1
mahait,1
mahalaleel,1
mahalon,1
mahatabo,1
mahatagan,3
mahatungod,2
mahauna,1
mahiagi,1
mahiagum,1
mahiaguman,1
mahibalan,3
mahibalik,2
mahibalo,3
mahibaloan,1
mahibulong,1
mahigalaon,1
mahigugmaongkalolot,2
mahigula,1
mahijack,1
mahika,1
mahikang,1
mahilunang,2
mahimayaon,2
mahimo,21
mahimog,2
mahimong,32
mahimutang,1
mahinabangon,1
mahinadlokon,1
mahinlo,5
mahinloan,1
mahinuduman,1
mahinumdom,1
mahinumdoman,2
mahinumdum,1
mahinungdanon,2
mahinungdanong,2
mahistrado,1
mahitabo,18
mahitungod,15
mahiuban,1
mahiwaga,1
mahli,1
mahugasi,1
mahugaw,3
mahulog,1
mahuman,4
mahumot,1
mahunahunaan,2
mahutdan,1
maigo,1
maihap,1
maikyasan,1
mailhi,2
mainaton,1
maingato,1
maingon,4
mainit,1
mainiton,1
mainom,1
maipahimutang,1
mairita,1
maistorya,1
maitum,1
makaabot,1
makaadto,4
makaagwanta,1
makaalagad,2
makaambit,1
makaapas,1
makabalo,3
makabaton,1
makabiya,1
makabot,1
makabuno,1
makadaan,1
makadala,3
makadaot,2
makadawat,1
makadayeg,1
makadiyot,1
makadot,1
makadula,2
makadungog,1
makagahit,1
makagawa,1
makagpugong,1
makaguba,1
makahadlok,1
makahawa,1
makahibalo,1
makahigda,1
makahikap,4
makahimo,5
makahuman,2
makaihap,1
makaila,1
makaingon,1
makainom,1
makainum,1
makairita,1
makaisip,2
makaistorya,1
makakaon,4
makakaplag,2
makakaton,2
makakita,5
makakuha,1
makakuyog,1
makalangoy,1
makalihok,1
makalilisang,3
makalimot,1
makalimtan,1
makalingaw,1
makalolooy,1
makaluksaw,1
makalupad,1
makaluwas,1
makamatay,1
makaon,4
makapabaylo,1
makapagpranses,1
makapahamuot,1
makapahimulos,1
makapaigo,1
makapalit,1
makapanaw,1
makapasar,1
makapasubo,2
makapukan,1
makasabot,1
makasabut,1
makasakay,1
makasala,1
makasamad,3
makasiguro,1
makastorya,1
makasugakod,1
makasugilon,1
makasukol,1
makasulod,2
makasulti,5
makasuya,2
makatabang,3
makatagamtam,1
makatamak,1
makatapos,1
makatawa,1
makatestigo,1
makatolo,1
makatoo,1
makatou,1
makatrabaho,1
makatubag,1
makatugyan,1
makatukmod,1
makatulo,1
makatulog,1
makatuman,2
makauli,1
makausa,1
makawat,1
makighilawas,1
makigistorya,1
makigsulti,1
makililimos,1
makinaadmanon,1
makinasudnon,1
makipagaway,1
makitan,17
makomun,1
makopa,1
makuha,4
makulangan,1
makulong,1
makusganong,1
makusog,1
malaglag,1
malain,1
malakanyang,1
malala,2
malamaton,1
malampos,1
malantawan,1
malatapay,1
malaumon,1
maleta,1
maligo,2
malikayan,4
malipay,2
malipayon,10
malipayong,3
malisud,4
malluch,1
malukat,1
malunhaw,1
maluwas,1
mamaayo,1
mamahimo,7
mamahimong,5
mamahinlo,1
mamahugaw,1
mamaiya,1
mamala,1
mamalengke,1
mamalihog,1
mamamahayag,1
mamamatay,1
mamatay,21
mambuhatay,1
maminaw,2
maminyo,1
mamomoo,1
mamula,1
mamumuhat,1
mamumuno,5
mamumuo,1
managamigo,1
managawit,1
managbakus,1
managbaton,1
managbuhat,1
managbutang,1
managdala,1
managhalad,1
managhayad,1
managhigala,1
managisip,1
managkalipay,1
managminatay,2
managpamana,1
managpanulis,1
managpugas,1
managsuon,1
managyukbo,1
manalagna,4
manambalay,1
mananambag,1
mananaog,1
mananap,13
mananapon,1
manapaw,1
manarbaho,2
manases,8
manedyer,1
mangabanhaw,1
mangabayo,1
mangabit,1
mangabuang,1
mangabuhi,1
mangadto,3
mangako,1
mangaligo,1
mangamatay,10
mangamuyo,1
mangaon,3
mangapukan,1
mangasawa,2
mangatagak,1
mangatawo,1
mangatubang,1
mangawat,1
mangayo,3
mangayog,2
manggang,1
manggialamon,6
manggula,3
manghawa,1
manghibalo,2
manghilabot,1
manghimitiis,1
manghud,3
mangila,1
manginahanglan,1
mangingisda,1
manginlabot,1
mangisda,1
mangita,3
mangitngit,1
mangkadagko,1
mangumusta,1
mangunguha,1
mangutana,2
manigarilyo,2
manigulang,1
manihapon,2
manika,3
maniko,1
manindog,1
maninguha,1
maniningil,1
manipis,1
manlakaw,1
manluluwas,1
manok,3
manolonda,5
manolunda,1
manong,1
mansanas,9
mansyon,1
mantalaan,2
mantika,1
manulti,2
manumpa,1
manyeka,1
maong,17
maot,1
maoy,22
mapadayag,1
mapagawas,1
mapagic,1
mapalit,3
mapanagiya,1
mapanganuron,2
mapangayuan,1
mapasaylo,1
mapatay,3
mapausbaw,1
mapildi,1
mapili,1
mapintas,1
maprotektahan,1
mapugngan,2
mapula,1
mapulapula,1
mapuo,2
maputi,2
mapuyan,1
maraon,1
marivic,1
mariz,1
marupok,1
maryte,1
masabtan,6
masadan,1
masahe,1
masakiton,2
masaligan,3
masaligon,1
masayang,1
masayod,1
masayran,1
masayud,1
masayup,1
mascap,1
masigka,1
masigo,1
masikreto,1
masingkamuton,1
masiradi,1
masirado,1
maskara,3
maskig,1
masubay,1
masuko,5
masulti,2
masulubong,2
masungit,1
masustansiyang,1
matabang,1
matabangan,1
matabunan,1
matadero,1
matag,8
matagadlaw,2
matagna,1
matago,1
matagtolo,1
matagusa,1
matahom,1
matahum,3
matambag,1
matambalan,1
matang,7
matanga,1
matapos,1
mataptan,1
matarung,12
matawag,1
materyal,3
matigum,1
matimanan,1
matinudanong,1
matinuoron,1
matngonan,2
matod,3
matog,1
matthai,1
matugpahan,1
matukob,1
matulog,6
matuman,1
matumba,1
matunaw,2
matuod,3
maulaw,1
maulay,1
mauyab,2
mawadag,1
mawadan,1
mawala,3
may,47
maynila,1
mayones,1
mecheratnon,1
mediahanon,1
medisina,1
meditasyon,1
medyas,1
meksikanong,1
melicha,1
meremoth,1
merkado,2
mestiso,1
metapisikang,1
meyor,1
mga,1374
mhel,1
miabot,4
miabut,7
miadto,12
miagi,1
miaging,5
mianhi,5
miari,1
miatubang,1
mibalhin,1
mibalik,3
mibangon,3
mibanlas,1
mibarug,1
mibiya,1
mibudlat,1
mibuka,1
mibutang,1
midalagan,1
midali,2
midangat,2
midawat,1
midiyas,1
miduko,1
miduslak,1
migikan,2
migula,10
mihalok,1
mihapa,2
mihari,1
mihatag,3
mihilak,4
mihulat,1
mihunong,2
miila,2
miingon,123
miinom,1
mikalagiw,3
mikanaog,1
mikaon,5
mikatawa,2
mikaylap,1
mikuha,5
mikunsad,2
mikurog,1
milabay,3
milakaw,2
milangoy,1
milatas,1
milflores,1
milibotlibot,1
milikus,1
milingkod,1
milugsong,3
milukop,1
milupad,1
milurang,1
milusot,1
milyon,6
milyong,1
mimartsa,1
minasa,1
minatay,6
mindanensis,1
mingadto,1
mingbalik,1
mingdali,1
mingduol,1
minggula,1
mingingon,2
mingipon,1
mingkanaug,1
minglabay,1
minglakaw,1
minglantaw,1
minglaum,1
mingpadala,1
mingpahaluna,6
mingpahawa,1
mingpahulay,1
mingpanaw,15
mingpatay,1
mingpuyo,1
mingtindog,2
mingtipon,1
mingtubag,1
mingtungas,1
minyo,1
mipadayon,1
mipahawa,2
mipahulay,1
mipakanaug,1
mipakita,1
mipalit,1
mipanaw,6
mipasulod,1
mipatay,3
mipatlaag,1
mipauli,3
mipuyo,8
misael,1
misaka,3
misandig,1
misangpit,1
misimang,1
misinggit,1
miskag,1
miskwela,1
mismana,1
mismong,1
misubang,1
misubay,1
misugo,2
misugod,1
misuka,1
misulat,3
misulay,1
misulod,5
misulti,24
misunod,3
mitabang,1
mitabok,1
mitaligsik,2
mitalikod,1
mitanaw,3
mitawag,1
mitigulang,1
mitindog,3
miting,2
mitipas,2
mituaw,2
mitubag,27
mitugpa,1
mitugyan,1
mituman,1
mitungas,7
mitungha,1
mituo,1
miuli,1
miuna,1
miuyon,1
miyembro,5
miyerkules,2
mizraim,1
mlalipukon,1
moabhanon,2
moabot,6
moabri,1
moabut,4
moadto,22
moadtog,1
moagi,2
moanha,1
moanhi,5
moasinso,1
moatiman,1
moatubang,4
mobakod,1
mobalik,2
mobangon,1
mobarug,1
mobisita,1
mobiya,2
modagan,5
modagang,1
modala,1
modalagan,1
modaog,2
modaro,1
modawat,2
modesisyon,1
modrayb,1
modugo,1
mogaling,1
mogamit,2
mogawas,3
mogikan,2
mogula,3
mohangyo,1
mohatag,1
mohawa,1
mohilak,1
mohimo,1
mohimog,2
mohubag,1
mohunong,2
moistroya,1
mokamang,2
mokanta,2
mokaon,19
mokatawa,1
mokuha,2
moladang,1
molakaw,7
molantaw,1
molihok,1
molingkod,1
molinis,1
molugsong,1
molukat,3
molukop,1
molupad,2
molupyo,1
monggoloydo,1
monggos,1
monunot,1
mooabot,1
mopaagi,1
mopabor,1
mopahawa,1
mopahimo,1
mopahulay,1
mopailalom,1
mopakabana,2
mopalit,4
mopaminaw,4
mopasalamat,1
mopasalig,2
mopasan,2
mopatay,5
mopauli,4
moradong,1
morcon,3
mosabot,1
mosalig,2
moseroth,1
mossulod,1
mosulod,1
mosulti,2
mosunod,5
motabok,1
motalikod,1
motanaw,3
motawag,3
motibasyon,1
motindog,13
motingog,1
motipas,3
motipon,3
motoo,2
motorsiklo,1
motubag,2
motugtog,1
motungas,1
motungha,1
motuo,8
mouban,2
moubus,1
moulan,5
moundang,2
muabot,3
muabotay,1
muadto,8
mubalik,1
mubasa,1
mubidlisi,1
mubisita,1
mubo,3
mubuhat,1
muepekto,1
mugamit,1
mugawas,2
mugna,1
muhatag,1
muhawa,5
muhunong,2
muistorya,1
mukaon,7
mulakaw,1
mulangoy,1
mulangyaw,1
mulihok,1
mulingkod,3
multidimensiyonal,1
mulupad,2
muluto,1
munisipyo,2
muoli,1
mupalit,2
mupundo,1
mupuyo,1
murag,23
murcielagos,1
musamot,1
musikero,2
mustorya,1
musulat,1
mutabang,1
mutan,1
mutasyon,1
mutoo,1
muuban,2
muulan,2
muuli,2
myembro,3
n,2
na,405
naabot,1
naabtan,1
naaburido,1
naadtoan,1
naagaw,1
naandan,1
naangol,1
naay,38
naayo,2
nabaggaan,1
nabago,1
nabagsak,1
nabahin,2
nabaho,1
nabakasyon,1
nabakunahan,1
nabalan,1
nabaligya,1
nabalita,1
nabanhaw,1
nabasa,5
nabasahan,1
nabaskog,1
nabati,2
nabay,1
nabiktima,1
nabilin,3
nabuak,2
nabuang,1
nabughat,1
nabugnawan,1
nabugtoan,1
nabuhat,4
nabuhi,2
nabusog,2
nabutang,1
nachor,1
nadagma,1
nadakip,1
nadakpan,3
nadamay,1
nadanyos,1
nadaot,2
nadasuk,1
nadayon,1
nadesisyonan,1
nadiskobrehan,1
nadunggan,7
nadungog,4
nagaadto,1
nagaantus,1
nagabaligya,1
nagaban,1
nagabantay,1
nagabasa,2
nagabaton,2
nagabuhat,1
nagabuhatnagagama,1
nagabuta,1
nagabutang,1
nagabuwak,1
nagadagan,1
nagadamgo,1
nagadayeg,1
nagadula,2
nagaestorya,1
nagaguba,1
nagagula,1
nagahalad,1
nagahatag,1
nagahigda,2
nagahikay,1
nagahimo,3
nagahinay,1
nagahulat,1
nagaingon,17
nagainom,1
nagaistorya,2
nagakalainlain,1
nagakamang,2
nagakamatay,1
nagakanaug,1
nagakaon,14
nagakasagul,1
nagakon,1
nagalaaglaag,1
nagalagad,2
nagalakaw,2
nagalambo,1
nagalangoy,1
nagalay,1
nagalibut,4
nagaligo,1
nagalikos,1
nagalingkod,1
nagalungtad,1
nagalupad,1
nagaluto,15
nagamata,1
nagaminatay,1
nagamistula,1
nagamit,1
nagamping,1
nagampo,1
naganahan,1
naganak,3
nagangalan,1
nagani,1
nagantos,1
nagaonline,1
nagapabilin,1
nagapadako,1
nagapadala,1
nagapadayon,1
nagapaghot,1
nagapalakaw,1
nagapalibot,1
nagapamahaw,1
nagapamalit,1
nagapaminaw,2
nagapamunit,1
nagapamuwak,1
nagapanalangin,1
nagapangagi,1
nagapangatik,2
nagapangisda,1
nagapangita,1
nagapangurog,1
nagapangusap,1
nagapangutana,1
nagapanimalus,3
nagapas,2
nagapatalinghug,1
nagapatay,2
nagapatubo,1
nagapawala,1
nagapula,1
nagaputli,1
nagapuyo,3
nagarkila,1
nagasaagsaag,1
nagasaka,1
nagasakit,1
nagasalibay,1
nagasalig,1
nagasiga,1
nagastorya,1
nagasugo,1
nagasugod,1
nagasulob,1
nagasulti,5
nagasunog,1
nagasuot,3
nagatabon,1
nagatanaw,2
nagatang,1
nagatarbaho,1
nagatigum,1
nagatindog,1
nagatoo,4
nagatubo,1
nagatudlo,1
nagatuo,3
nagatuon,2
nagatuyok,1
nagauna,1
nagauyon,1
nagawit,1
nagbaday,1
nagbagulbol,1
nagbalaan,1
nagbaligya,1
nagbantay,2
nagbasa,5
nagbasol,1
nagbato,1
nagbayad,1
nagbilin,1
nagbitay,1
nagbiyahe,1
nagbuak,1
nagbuhat,15
nagbulag,1
nagbuotbuot,1
nagbyirnissantu,1
nagcircuncidar,1
nagdagan,2
nagdagmal,2
nagdahom,3
nagdahunog,1
nagdala,1
nagdali,1
nagdaot,2
nagdili,1
nagdugay,3
nagduhaduha,1
nagdula,2
nagdumili,2
nagdumot,1
nagduso,2
nagedad,1
naggaling,1
naggamul,1
naggitara,1
nagguba,1
naggukod,1
naggunitay,1
nagguyod,1
naghalad,2
naghatag,12
naghawid,1
naghikay,3
naghilak,2
naghilum,1
naghimamat,1
naghimo,8
naghinambog,1
naghingalan,1
naghulat,3
naghuwat,2
nagihaw,1
nagimbestiga,1
nagingon,10
nagingun,1
naginusara,5
nagistoryahanay,1
nagkaalarma,1
nagkadako,1
nagkagusto,1
nagkahaduol,1
nagkahushos,1
nagkaila,1
nagkalainlain,1
nagkalat,1
nagkambyo,1
nagkanta,1
nagkantidad,1
nagkaon,5
nagkapabuntis,1
nagkapulik,1
nagkasakit,1
nagkaun,1
nagkinahanglan,1
nagkita,2
nagkonektang,1
nagkuha,3
nagkuskos,3
naglakaw,4
naglakip,2
naglangkob,3
naglangog,1
naglaum,1
naglibog,2
naglibot,3
naglibut,1
naglihok,1
naglikay,9
naglingkod,1
naglisod,1
naglista,1
naglisud,1
naglockdown,1
naglubog,1
naglugaw,1
naglunsad,1
naglupad,1
nagluto,8
nagluwa,1
nagluwas,1
nagmaghuhukom,1
nagmando,1
nagmata,1
nagminatay,2
nagmisyon,1
nagmugna,1
nagnasayop,1
nagnong,1
nagpaabot,1
nagpaadto,2
nagpabilin,4
nagpabiling,1
nagpadaghan,1
nagpadako,3
nagpadala,1
nagpadali,1
nagpadayon,2
nagpagahi,3
nagpagarbo,1
nagpagawas,1
nagpahamangno,1
nagpahamutang,1
nagpahayag,2
nagpahigayon,1
nagpahimutang,1
nagpahiyom,1
nagpaila,2
nagpaimportante,1
nagpakabright,3
nagpakabuang,1
nagpakabugoy,1
nagpakaimportante,1
nagpakalat,1
nagpakamatay,1
nagpakatawa,1
nagpakiglalis,1
nagpakita,4
nagpakuha,1
nagpalaban,8
nagpalahi,1
nagpalambo,1
nagpaligon,1
nagpalit,2
nagpaluyo,1
nagpampam,1
nagpanghilak,1
nagpangidlap,1
nagpangitag,1
nagpanombag,2
nagpapas,1
nagpartisipar,1
nagpasagad,1
nagpasalamat,1
nagpasalig,2
nagpasan,1
nagpasibsib,1
nagpasidaan,1
nagpasiugda,1
nagpasugo,2
nagpataka,8
nagpatalinghug,1
nagpatawag,1
nagpatay,7
nagpatugtog,1
nagpatulogtulog,1
nagpaturok,1
nagpatuyang,1
nagpili,3
nagpilit,1
nagpriprito,1
nagpundo,1
nagpuyo,30
nagreport,1
nagsabay,1
nagsaka,1
nagsakay,1
nagsakop,1
nagsawa,1
nagshawer,1
nagsidlak,1
nagsilbing,2
nagsimba,2
nagsubo,1
nagsugat,1
nagsugilon,1
nagsugo,8
nagsugod,7
nagsukod,1
nagsulat,9
nagsulay,1
nagsulob,2
nagsulti,3
nagsundoganay,1
nagsunod,1
nagsuot,1
nagsuporta,1
nagsuroysuroy,1
nagsusi,1
nagtabang,1
nagtagbo,1
nagtago,1
nagtalop,1
nagtalumpati,1
nagtanaw,2
nagtanom,3
nagtartanelya,2
nagtaxi,1
nagtenis,1
nagtental,1
nagtigum,1
nagtimaan,1
nagtingala,1
nagtingog,1
nagtino,1
nagtrabaho,1
nagtuo,2
nagtuon,7
nagtweet,1
naguba,2
naguban,1
nagubot,1
nagulan,2
naguna,1
nagunob,1
naguswag,1
nagutut,1
naguyog,1
nagyud,1
nahabilin,5
nahadiindiin,1
nahadlok,6
nahalin,1
nahasalin,2
nahasubo,1
nahatabo,2
nahatag,1
nahatgan,1
nahaum,1
nahauna,8
nahaunang,3
nahawan,1
nahiabut,2
nahibalan,9
nahibalo,1
nahibaloan,2
nahibawan,2
nahibilin,3
nahigayon,1
nahigugma,1
nahilukapa,1
nahimamat,1
nahimo,12
nahimong,10
nahimuot,1
nahimutang,5
nahimutangan,1
nahinabo,2
nahinanok,1
nahingangha,1
nahinumdum,1
nahisgutan,3
nahisgutang,1
nahisulat,1
nahitabo,39
nahitabong,1
nahiulian,1
nahiwi,1
nahog,1
nahugno,2
nahukman,2
nahulga,1
nahulog,4
nahuman,6
nahunahunaan,1
nahuptan,1
nahurot,3
nahutdan,4
nahuyangan,1
naibugan,1
naigo,2
nailhan,3
nailhang,1
naisip,15
nakaabot,2
nakaadto,1
nakaandam,1
nakaangkon,1
nakabadbad,1
nakabalo,5
nakabangga,1
nakabara,1
nakabati,1
nakabawi,1
nakadangat,7
nakadapat,1
nakadawat,2
nakadesisyon,1
nakadisisyun,1
nakaduha,1
nakadungog,6
nakaeskwela,1
nakagahum,2
nakahanay,1
nakahibalo,5
nakahilak,3
nakahimo,1
nakahukom,1
nakahuman,1
nakaigit,1
nakaila,7
nakaimpluwensya,1
nakaingon,1
nakakanat,1
nakakandado,1
nakakanddado,1
nakakaplag,2
nakakaton,1
nakakawit,1
nakakimono,1
nakakita,6
nakalabad,1
nakalabay,2
nakalakaw,2
nakalimot,3
nakalimtan,2
nakalista,2
nakaluto,1
nakamaayo,1
nakamata,2
nakamatay,1
nakamotor,1
nakaon,1
nakapaabut,1
nakapahimuot,3
nakapakasal,2
nakapalibot,1
nakapalong,1
nakapamahawa,1
nakapasar,1
nakapatay,1
nakapausab,1
nakaplagan,1
nakapuyo,3
nakareserba,1
nakasabit,1
nakasabot,2
nakasabut,1
nakasakay,1
nakasala,3
nakasalig,1
nakasiguro,1
nakasinati,1
nakasulat,1
nakasulob,1
nakasuot,1
nakatabang,1
nakatago,1
nakatanum,1
nakatarungan,1
nakatawa,1
nakatilaw,1
nakatiwangwang,1
nakatolo,2
nakatulog,1
nakauban,1
nakigaway,1
nakigbugtiay,1
nakigdula,1
nakigsulti,1
nakilala,1
nakilingkod,1
nakipagistorya,1
nakitan,24
nakitang,2
nakog,8
nakombikto,1
nakonbikto,1
nakong,5
nakowala,2
nakpuyo,1
nakuha,4
nakuhang,1
nakuyawan,3
nalahi,2
nalanay,1
nalangkit,1
nalata,1
nalibang,1
nalipay,4
nalipong,2
nalista,1
nalisudan,1
nalumos,1
nalunod,1
naluwas,1
namahaw,2
namalik,1
namalit,5
namangak,1
namatay,82
namati,1
namatikdan,1
namaypay,1
nameligro,7
nameligrong,1
namili,1
naminaw,3
namon,2
namula,1
namulong,5
namunga,1
nanagbalata,1
nanagbalhin,1
nanagbihihi,1
nanagbingat,1
nanagdala,1
nanagdangoyngoy,1
nanagduko,1
nanagibut,1
nanagingon,5
nanagingting,1
nanagkalipay,1
nanagkamang,1
nanaglupad,1
nanagminatay,1
nanagpahaluna,1
nanagpakigaway,1
nanagpalagut,1
nanagpangadto,1
nanagpanghilak,1
nanagpanulis,1
nanagpuyo,3
nanagsulob,1
nanagsulti,3
nanagtamay,1
nanagtigum,1
nanalo,1
nanamkon,2
nanarbaho,1
nanawagan,1
nanayaw,1
nang,13
nangabaho,1
nangabut,2
nangadto,2
nangadunot,1
nangagi,1
nangaging,1
nangaguol,1
nangahadlok,1
nangahimong,1
nangahulog,1
nangalagiw,1
nangalibog,1
nangalibug,1
nangalipay,2
nangalisang,1
nangaliya,1
nangamatay,11
nangamuyo,2
nanganak,9
nanganaug,1
nangandoy,2
nanganhi,1
nangaon,5
nangape,1
nangapukan,1
nangasawa,2
nangatarungan,1
nangatik,1
nangatol,1
nangatulog,2
nangawala,2
nangayam,1
nangayo,1
nanggula,2
nanghibalo,1
nanghinlo,1
nanghitingala,1
nangholdap,1
nanghupaw,1
nanghupong,1
nanginabuhi,1
nanginahanglan,1
nanginum,1
nangisda,1
nangita,5
nangitag,1
nangitlog,1
nangka,1
nanglingkod,2
nangomusta,1
nanguna,3
nangutana,6
nangutlo,1
nanigulang,1
nanihanglan,1
nanihapon,3
naninggit,1
naningkamot,1
naninguha,1
naniudto,1
nanlugsong,1
nanuktok,2
nanungas,1
naog,1
napakuratan,1
napakyas,2
napanhutan,1
napansin,1
napanunod,1
napatay,14
napatulog,1
napilian,1
napod,1
napud,2
napugnan,1
napugos,1
napula,1
napulo,21
napulogduha,1
napulogwalo,1
napuno,2
napusil,1
naputol,1
nasaag,1
nasabtan,2
nasakitan,1
nasakpan,1
nasamad,1
nasamdan,3
nasamokan,1
nasangpit,1
nasayod,4
nasayran,2
nasayud,6
nasayup,1
nasinati,2
nasod,2
nasud,19
nasudnong,1
nasuko,5
nasulat,1
nasunog,1
nasyonal,1
natabok,1
natabunan,2
natagak,1
natagakan,1
natago,1
natala,3
natanaw,1
natao,1
nataran,2
natawhan,4
natawhang,1
natawo,2
natayog,2
natigom,1
natilawan,1
natingala,2
natong,1
natukiban,1
natukod,1
natulog,3
natumba,1
natumbang,1
natumpagan,1
natunan,1
natunong,1
naug,1
naula,1
naulahi,2
naulaw,2
naumod,1
naupaw,1
nawadan,3
nawala,11
nawalan,1
nawong,21
nayagyag,1
nazaretnon,1
negatibo,1
negosyante,1
negosyo,2
nemuel,1
nephtali,1
neptali,1
nerria,1
nestpr,1
ng,9
ngabil,2
ngadto,77
ngakasagaran,1
ngalan,28
nganga,1
nganha,4
nganhi,4
ngani,1
ngano,29
nganong,27
ngari,2
ngaridali,1
ngatanan,1
ngipon,4
ngitngit,2
ngplano,1
ngprito,1
ngunit,1
ni,532
niabot,9
niadto,12
niadtong,44
niagi,2
niaging,3
niana,19
nianang,4
niandar,1
niapil,1
niato,1
nibalhin,2
nibundak,1
nidagan,3
nidaog,1
nigawas,1
nihagok,1
nihanglan,1
nihigda,1
nihilak,3
nihimo,1
nihunong,4
niingon,1
niini,95
niining,54
niino,1
niinom,1
nikalit,1
nikanta,4
nikaon,9
nikatawa,1
nikidhat,1
nikuha,1
nilabay,3
nilabhan,1
nilaga,1
nilagang,1
nilakaw,3
nilarga,1
nilatang,1
nilihok,1
nilingkod,3
nilungag,1
nilupad,1
nimata,1
nimog,2
nimong,5
nindot,13
nindut,1
ningabut,1
ninggawas,1
ningkaon,1
ningmata,1
ningpalit,1
ninyong,3
nipalit,2
nipanaw,1
nipatay,3
nipilit,1
nipis,1
nisaka,1
nisamot,2
nisantop,1
nisayaw,2
nisinggit,1
nisugod,1
nisuka,1
nisuko,1
nisulod,2
nisulti,1
nitaghoy,1
nitago,1
nitambong,1
nitawag,1
nitingog,2
nituo,2
niubo,1
niulan,2
niulbo,1
niuli,1
niundang,1
niuyon,1
niya,185
niyag,2
niyang,13
niyebe,3
niyog,3
noba,1
nobela,2
nobyembre,1
noldo,1
nonong,1
nuwebe,5
nwuwebe,1
o,44
obligasyon,2
obolo,1
ochozias,1
ocran,1
okasyon,1
oktubre,5
olibo,1
ondoy,1
oo,4
ophra,1
opinyon,3
opisina,5
opisyal,2
oposisyonal,2
orasa,3
orasan,1
orihinal,1
orkid,1
osmea,1
otangon,1
otsenta,1
otso,1
owak,2
oyanguren,1
p,6
paadto,2
paagi,3
paagiha,1
paak,1
paanhi,1
paarbularyuhi,1
pababa,1
pabalik,1
pabiyon,1
pabo,1
pabor,1
paborito,2
pabrika,1
pabukala,1
padadi,1
padaganon,1
padaka,1
padako,1
padayon,2
padayong,1
padayun,2
padayunon,1
padulong,15
padung,1
pagabahinon,1
pagabalhinon,1
pagabantayan,2
pagabot,9
pagabuhaton,16
pagabuhian,1
pagabusgon,1
pagabut,4
pagadadan,2
pagadadon,6
pagadto,1
pagagay,1
pagagi,2
pagagonubon,1
pagagubon,1
pagahatagan,2
pagahikalimtan,1
pagahilakan,1
pagahimoon,4
pagahimunotan,1
pagahinloan,1
pagahisgutan,1
pagahuboon,1
pagahukman,1
pagahuptan,1
pagailhon,1
pagaisipon,2
pagakana,1
pagakanon,9
pagakuhaon,3
pagakuptan,1
pagalabhan,1
pagalagad,2
pagalaglagon,4
pagalainon,2
pagalibogon,1
pagalipayon,1
pagalisangon,1
pagalukaton,1
pagaluwason,1
pagamigohon,1
pagampo,2
paganak,2
paganhi,1
pagantos,1
paganunsyo,1
pagapaagihon,1
pagapabalikon,1
pagapadaghanon,2
pagapadakon,1
pagapagawason,1
pagapakaulawan,1
pagapanilngon,1
pagapanimalusan,1
pagapasayloon,1
pagapasidlakon,1
pagapasidunggan,1
pagapatyon,4
pagapauswagon,1
pagapil,1
pagapilion,3
pagapodapod,1
pagapunon,1
pagaputlon,1
pagasagdi,1
pagasakiton,1
pagasenso,1
pagasunogon,1
pagasymmetry,1
pagatake,1
pagatapokon,1
pagatiguman,10
pagatigumon,1
pagatimanan,2
pagatipigan,1
pagatubang,2
pagatukoron,2
pagausabon,1
pagausbon,1
pagaway,1
pagawit,1
pagayo,5
pagbadlong,2
pagbago,1
pagbaha,1
pagbaklay,1
pagbakyawon,1
pagbalaan,2
pagbalhin,1
pagbaligya,1
pagbalik,3
pagbanabana,1
pagbangkaw,1
pagbangutan,1
pagbanha,1
pagbantay,1
pagbasa,2
pagbasol,2
pagbasulan,1
pagbati,1
pagbawi,2
pagbilang,1
pagbiya,1
pagbugkos,1
pagbuhat,5
pagbuhi,1
pagbukas,1
pagbukhad,1
pagbuksan,3
pagbulad,1
pagbungkag,1
pagbuntog,1
pagbuot,1
pagbutang,4
pagbuto,2
pagbutyag,2
pagbyahe,1
pagdagan,2
pagdahili,2
pagdahom,3
pagdakup,1
pagdala,2
pagdali,3
pagdaro,1
pagdawat,5
pagduaw,1
pagdugay,1
pagdugokasingkasing,1
pagduhaduha,1
pagdula,2
pagdumot,1
pagdungog,1
pagduol,1
paggahin,1
paggalab,1
paggawas,1
paggisi,1
paggita,1
paggiuk,1
pagguba,1
paggula,1
paghabol,1
paghagdawan,1
paghalabas,1
paghalahala,1
paghampak,1
paghandum,1
paghari,1
paghatag,2
paghiabut,1
paghigda,2
paghigugma,1
paghilom,1
paghimo,4
paghinay,2
paghinlo,2
paghugas,1
paghukom,4
paghulat,1
paghuman,1
paghusay,2
pagikanon,1
pagila,1
pagimbita,1
pagingles,1
pagingon,3
paginom,1
pagipalaglag,2
pagisip,1
pagisipon,1
pagistorya,2
pagka,3
pagkaagi,2
pagkabanhaw,3
pagkabasa,1
pagkabatanon,1
pagkabilanggo,1
pagkabingkil,1
pagkabinihag,1
pagkabuang,1
pagkabulag,1
pagkabuntag,2
pagkabuotan,1
pagkadagaya,1
pagkadaku,3
pagkadaot,1
pagkadato,1
pagkadautan,1
pagkadilitinuyo,1
pagkadungog,2
pagkahapon,2
pagkahibalo,1
pagkahimong,1
pagkahingpit,1
pagkahiusa,1
pagkahubo,5
pagkahugaw,1
pagkahulog,2
pagkahuman,14
pagkakaron,1
pagkakita,2
pagkakugihan,1
pagkakulang,1
pagkalagiw,1
pagkalaglag,2
pagkaluto,1
pagkamabination,1
pagkamahugaw,1
pagkamainantuson,1
pagkamakusganon,1
pagkamapasalamaton,1
pagkamapuanguron,1
pagkamatarung,2
pagkamatay,17
pagkamatuod,4
pagkanta,1
pagkaon,14
pagkaong,1
pagkapangulo,1
pagkapatay,1
pagkapildi,1
pagkaputi,1
pagkasalop,1
pagkasawomsom,1
pagkasulod,1
pagkatag,1
pagkatao,1
pagkatawo,1
pagkatigum,3
pagkatinuod,1
pagkaugma,1
pagkaulay,1
pagkawagtang,1
pagkawala,4
pagkawalay,1
pagkiskis,1
pagklik,1
pagkopya,1
pagkuha,4
paglaban,1
paglabay,1
paglaglag,1
paglakat,1
paglakaw,5
paglalis,2
paglangyawlangyaw,1
paglaom,2
paglapas,2
paglaum,6
paglihok,2
paglimot,1
paglipay,1
paglipot,1
pagliso,1
paglisodlisod,1
paglubong,1
paglupigan,1
pagmakusganon,1
pagmando,1
pagmantala,1
pagmata,2
pagmina,2
pagminatay,3
pagminyo,2
pagpabalik,1
pagpabili,1
pagpabilin,2
pagpadaghan,1
pagpagaan,1
pagpagarbo,1
pagpahayag,1
pagpahibalo,1
pagpahilayo,1
pagpahulay,2
pagpakaaroningnon,1
pagpakadungog,1
pagpakakita,1
pagpakamatay,2
pagpakaon,1
pagpakasabut,1
pagpakasal,1
pagpakigaway,2
pagpakighilawas,2
pagpakigkita,1
pagpakita,1
pagpalakat,1
pagpalit,2
pagpaliwat,1
pagpamatay,3
pagpamati,1
pagpamatuod,2
pagpamobo,1
pagpamugnaw,1
pagpamupo,1
pagpamusil,1
pagpanabako,1
pagpanagiya,1
pagpanalipod,2
pagpanaw,2
pagpangandam,1
pagpangasawa,1
pagpangawat,2
pagpangayam,2
pagpangayo,1
pagpanggubat,1
pagpanggula,1
pagpanghasi,1
pagpanghibalo,1
pagpanghilabot,1
pagpanglimpyo,1
pagpanguha,1
pagpangulo,1
pagpanigarilyo,2
pagpaniid,2
pagpanubag,1
pagpapanunod,1
pagpapatay,1
pagpasabot,1
pagpasibsib,1
pagpasidungog,1
pagpasiguli,1
pagpatalinghug,1
pagpataliwala,2
pagpatambag,1
pagpatawag,1
pagpatay,23
pagpinta,1
pagpiyong,1
pagpugasan,1
pagpundo,1
pagpunggi,1
pagpusil,1
pagpuyo,3
pagrekrut,1
pagresponde,1
pagsabut,3
pagsabwag,2
pagsaka,1
pagsakay,2
pagsakit,1
pagsalig,1
pagsalikway,1
pagsamaran,1
pagsaway,2
pagsayaw,1
pagsayo,1
pagsaysay,1
pagsinggit,1
pagsingil,1
pagstorya,1
pagsugat,2
pagsugod,3
pagsulat,1
pagsulay,3
pagsulod,6
pagsulong,1
pagsulti,3
pagsulud,1
pagsunog,1
pagsuporta,1
pagsuroy,1
pagsuroysuroy,1
pagsusuwat,1
pagtabang,3
pagtabonsasala,8
pagtagna,1
pagtago,1
pagtala,1
pagtanaw,4
pagtanga,1
pagtanum,1
pagtawag,4
pagtimbaya,1
pagtinabangay,1
pagtinda,1
pagtindog,1
pagtipas,1
pagtitik,1
pagtoo,5
pagtrabaho,2
pagtratar,1
pagtuaw,1
pagtubag,1
pagtubig,1
pagtudan,1
pagtudlo,1
pagtugyan,1
pagtukod,1
pagtuktok,1
pagtulonan,1
pagtuman,1
pagtungatunga,1
pagtunglo,1
pagtunglohon,1
pagtungong,1
pagtunob,1
pagtuo,2
pagtuon,3
paguban,1
pagud,1
pagulan,1
pagulaon,1
paguma,2
pagumangkon,2
pagunsa,1
pagusab,7
pagusi,1
pagusisa,1
paguto,1
pagwali,1
pahalayo,1
pahawa,2
pahayag,2
pahibaloa,1
pahiyas,1
pahulamon,1
pahulata,1
pahulay,2
pahuman,1
pahuway,1
paingna,1
paingon,8
pait,2
pakabana,1
pakaslan,2
pakawala,2
pakialam,5
pakibuhat,1
pakida,1
pakigdait,3
pakighinabi,1
pakigistorya,1
pakiglalis,1
pakiglambigit,1
pakigsaad,2
pakigsekso,1
pakigsulti,1
pakihinay,1
pakipintalan,1
pakita,1
pakoy,1
paksiw,1
pakulangan,1
pakusgi,1
pakusgon,1
pakwan,1
pakyawan,1
palabas,2
palad,3
palagputon,1
palahubog,3
palainom,1
palakaw,2
palakira,1
palakta,1
palandunga,1
palangga,1
palasyo,1
palengke,6
palibot,4
palihog,7
palihug,3
palipayon,1
palisuri,1
palitanan,1
palitaw,1
paliton,5
paliya,1
palpak,4
pamaagi,1
pamahaw,7
pamakak,1
pamasin,1
pamatasan,3
pamati,2
pamatudan,1
pamatyon,1
pambobomba,1
pamili,1
pamilin,1
pamilya,16
pamilyang,1
paminaw,4
panabok,1
panaghisgot,1
panagipon,1
panagkita,1
panagsa,1
panagsulti,1
panagtigum,1
panahon,30
panahona,8
panaksan,1
panalagsa,1
panamastamasan,1
panamilit,1
pananaw,9
panaw,1
panawag,1
panawagan,1
pandemya,1
pandesal,3
panfilia,1
pangabay,1
pangabugho,1
pangalan,7
pangaliyupo,1
pangan,1
panganak,1
panganay,9
pangandoy,2
panganod,5
pangaon,1
pangayam,1
pangayo,1
panggahum,1
panghinabo,1
panghitabo,2
panghunahuna,1
panghupaw,1
pangilabot,1
panginabuhi,7
panginahanglanon,1
pangisda,1
pangisip,2
pangit,1
pangitaan,2
pangkalibutanong,1
panglantaw,1
panglawas,1
panglimbasugan,1
panglugos,1
pangulahiang,1
pangulo,3
panguna,1
pangutana,5
pangutanaha,1
panid,1
panigarilyo,2
panigingnan,1
panihapon,4
paniil,1
paniki,2
panimalay,40
panimalus,2
paningkamot,1
paningkamotan,1
panit,1
paniudto,2
paniusdto,1
panon,19
pansit,2
pantalan,1
pantiyon,1
panudlo,1
panugon,1
panuigon,8
panukiduki,1
panulondon,7
panulti,2
panumduman,4
panumnduman,1
panuos,1
panusok,1
panyawan,1
paon,1
papahawaon,1
papaitan,1
papana,1
papaulia,1
papelis,1
para,31
paradahan,1
parahemprichii,1
parapo,1
parasan,1
parat,1
pareha,1
parehas,9
pareho,1
parehong,1
parilis,1
parkeha,2
parmasya,1
parrasan,4
partikular,1
paryente,1
pasabot,4
pasagdan,4
pasahero,1
pasakiti,1
pasalamat,1
pasangil,1
pasaporte,2
pasaway,1
pasaylo,1
pasayloa,3
pasensya,4
pasipiko,2
pasonanca,1
paspas,4
pasulit,1
pasyente,2
pataas,1
patag,1
patalinghug,1
patalinghugi,3
patanyg,1
patay,48
patayng,5
patayon,1
pataytay,1
patohuon,1
patootoo,1
patriyotiko,1
patukoranan,1
patulid,1
patulugon,1
patya,1
patyon,3
pausab,1
pautang,1
pawikan,2
payag,4
payaso,1
payat,1
payong,3
peablanca,1
pebrero,1
pelinhanon,1
permero,1
permi,5
permiro,2
pero,19
perpekto,1
persehanon,2
perting,2
petchay,1
petsa,1
pgka,1
phegiel,2
philhealth,2
photinus,1
pigoh,1
pikdot,1
piknik,1
piksiyon,2
pilaka,1
pilay,1
pildi,1
pilion,2
pilipinong,1
pilipit,1
pilit,1
pilosopiya,2
pilosopo,1
pinaabot,1
pinaagi,29
pinaakan,1
pinagi,1
pinahiuyon,1
pinakadako,6
pinakadugay,1
pinakaduol,2
pinakaganahan,1
pinakagusto,1
pinakagwapa,1
pinakaimportante,2
pinakakusog,1
pinakakuwang,1
pinakalipay,1
pinakamaayong,1
pinakanindot,2
pinakapabugat,1
pinakapobre,1
pinakasimple,2
pinakataas,1
pinakauna,1
pinakawalay,2
pinakaway,1
pinalabi,1
pinarel,1
pinasikad,1
pinaspas,1
pinasubay,1
pinatay,1
pinauyon,1
pindton,1
pingk,1
pinili,1
piniriso,2
pintakasi,1
pinturahan,1
pinulongan,3
pinulungan,4
pinundok,1
pinuti,2
pinuyan,1
pinuyanan,2
pinya,1
pipila,11
pirasa,1
piraso,1
pirma,1
pirme,70
pirmi,12
piscasso,1
pisga,1
pisidia,1
piskal,1
pison,1
pitsa,2
pitsipitsi,1
piyano,1
piyesta,2
planetang,2
plawta,1
polboron,2
polusyon,1
polysperma,1
pondo,2
poponton,1
popsikel,1
populasyon,5
porma,3
pormula,1
porsyento,1
positibo,1
positibong,1
potensyal,5
povedano,1
pranka,1
pranses,9
pransiya,1
pransya,3
presko,1
presyo,1
pribadong,1
priniso,1
prinsesa,1
prinsipe,1
prisohan,1
prito,2
probensya,3
probinsya,4
probisyon,1
propesor,1
propesorang,1
propesyon,1
propesyonal,1
proseso,1
prosesyon,1
protektado,1
protochordate,1
proverbio,1
proyekto,1
prutas,4
pugante,1
pugaw,2
pugngan,1
pugo,1
pugon,1
pugong,1
pugsa,1
puhon,3
pukot,1
pukyutan,1
pulbos,1
pulceras,1
pulismaynila,1
pulisya,4
pulitiko,1
pulo,1
pulong,23
pulonga,1
pulos,5
pulot,1
puloyanan,8
pultahan,13
pumapalit,1
pumoluyo,1
pumuyo,1
pundo,1
punoan,9
punon,3
punsoy,1
punuan,4
pupitre,1
purok,1
purtahan,3
pusil,1
pusilon,1
putbol,1
putulon,1
puwa,2
puwede,2
puwedeng,1
puyanan,3
puyopuyo,1
pwaikan,1
pwedeng,1
pwersa,2
pyano,2
querubin,1
rakong,1
rason,7
reaias,1
rebolusyonaryo,1
refeimhanon,1
rehiyon,7
reklamo,2
relasyon,2
relihiyon,3
relihiyong,1
representaive,1
reserba,1
reserbasyon,1
responsibilidad,6
restawran,9
restwran,3
resurreccion,1
retirado,1
rimmonperes,1
ritrato,3
roboam,3
ronron,1
rubenhanon,1
s,3
saakoa,3
saamoa,1
sabakan,1
sabaw,4
sabton,1
sabulon,1
sacilano,1
sagad,2
sagbot,2
sagdii,1
saging,4
sagol,1
sagolsagol,1
sagop,1
saimoha,2
saimong,2
sakay,1
sakayan,2
sakoa,1
sakop,7
saksi,3
sakto,3
saktong,2
sakup,1
sakusina,1
sakyanan,10
salabutan,6
salabutang,1
salag,3
salamangkiro,1
salamin,6
salampati,2
salapi,7
salidaha,1
salig,2
saligi,1
salip,2
salipud,1
sallum,2
salmona,2
salog,5
saluping,1
salusalo,1
samang,1
sambingay,1
samin,2
samla,1
samok,1
sampagita,1
sampalok,1
samporado,2
samtang,22
sandalias,1
sangkap,3
sanglit,2
sangputanan,1
sanina,4
sanla,1
sanlahon,3
saop,1
sapatos,1
sapinit,1
sapinsapin,1
saput,1
saranggola,1
sarsapilya,1
sasac,1
saski,1
satelayt,1
saultraviolet,1
saunang,1
sawang,1
sayal,2
sayantist,1
sayaw,2
sayod,1
sayon,5
sayong,2
sayop,16
sayosayo,1
sayup,2
scleractinia,2
sebanias,1
sedad,1
sedechias,1
seguruhon,1
sekiseiensis,1
sekreto,2
sekso,2
sekswal,1
seksyon,1
sekular,2
sekundaryong,1
selda,1
selumiel,2
selyo,1
semaias,2
semarehanon,1
semarias,1
semei,2
semeias,1
sementeryo,1
senador,2
sentro,1
sepam,1
sepora,1
septyembre,1
seramiko,1
serbesa,1
serye,1
seryoso,1
siargao,1
sibdivisio,1
sibilisasyon,2
sibilyan,2
sibma,1
sibot,1
sibsibanan,1
sibsibon,1
sibuco,1
sibuyas,1
sichem,1
siclag,1
siclo,4
sidlakan,1
sigarilyas,1
sigurado,1
sikat,2
sikreto,1
silag,3
silangan,3
silay,4
silingan,4
siloe,1
silopin,1
silot,4
simana,1
simaribel,1
simbahan,6
simbahon,1
simboryo,1
simpleng,1
simron,1
simronmeron,1
sinabawan,1
sinagbunga,1
sinagoga,1
sinaktan,1
sinalapid,1
sinangag,1
sindikato,1
sinegwelas,1
sinehan,2
singaw,1
singkamas,2
singko,2
singkol,1
singkwenta,1
singsing,5
sinilotan,1
sinina,4
sining,1
sinugboanon,1
sinugdan,1
sinugdanan,2
sinugo,1
sinuholan,2
sinulat,3
sinulatan,3
sinultian,8
sinultihan,3
siopao,1
sipilyohan,1
sipit,1
sipon,1
siradan,1
sirado,2
siradui,1
sirianhon,1
sirit,1
sirwela,1
sisig,2
sistemang,1
sitenta,1
sitwasyon,3
siya,455
siyag,11
siyagit,1
siyam,9
siyay,18
siyensiya,1
siyensiyang,1
siyete,1
siyopaw,2
siyudad,19
skwelahan,1
sobal,1
solbahon,1
solusyon,1
soolohiya,1
sopas,2
sopistikado,1
sorathihanon,1
sorbete,1
sosyal,1
steypler,1
storya,2
storyahon,1
strikto,1
stroberi,1
sturya,1
subawan,1
submarino,1
sudlanan,2
sugat,1
sugaton,1
sugbo,1
sugbu,1
sugdi,1
sugilambong,1
sugoa,1
sugod,7
sugpo,1
sugyot,1
suham,1
suhitanhon,1
suhol,2
sukad,16
sukaranan,1
suklob,1
sukodon,1
sulat,10
sulata,1
sulatan,1
sulatanan,3
sulati,1
sulayan,1
sulbad,1
sulob,1
sulod,38
sulodgawas,1
sulogoon,11
sulpa,1
sulti,8
sultia,1
sultihi,3
sulud,3
sulugoon,2
sumala,21
sumasama,1
suminggit,1
sumulod,2
sumulti,2
sundalo,3
sundang,1
sundon,2
sundoon,1
sunduon,1
sungkod,4
sunod,19
sunodsunod,1
sunog,4
suod,2
suoton,1
supak,1
suporta,2
suportahan,1
supot,1
suroyanan,10
susama,2
suspek,3
suspetsado,6
suthala,2
suwat,1
suwayan,1
suweter,1
sweldo,1
swerte,3
syensya,2
syudad,3
taanach,1
tabako,1
tabang,9
tabangan,1
tabok,1
tabon,1
tabunon,2
tagaan,2
tagabantay,1
tagae,2
tagaeuropa,2
tagai,1
tagak,1
taganehelam,1
tagapiraton,1
tagas,5
tagbaya,1
tagda,2
tagdon,1
taginit,1
tagiya,3
tagna,1
tagnaa,1
tagoanan,1
tagsa,1
tagsatagsa,14
tagtukod,1
taguan,1
taguangkan,1
taguigpateros,1
tahath,2
taho,2
tahong,1
takdang,1
takna,1
taknaa,1
takom,1
takong,2
takus,1
talaan,1
talanawon,1
talatingan,1
talawan,1
talikala,1
talinugo,1
taliwala,33
talong,1
tamalis,1
tamatama,1
tamayon,1
tambag,4
tambal,4
tambalan,1
tamboanan,1
tambok,4
tamdanan,1
tamis,4
tamnanan,4
tanaman,9
tanan,121
tanang,42
tanaw,6
tanawa,7
tanawon,1
tanazul,1
tandaan,1
tandag,1
tandang,1
tanggalon,1
tanghagang,1
tangkaw,1
tangtangon,1
tanguile,1
tanmanan,2
tanom,8
taoista,1
tapad,6
tapolan,1
tapsilog,1
tapulan,4
tapus,5
tapuson,1
tarbaho,7
tarong,6
tarsis,1
tartanelya,5
tarungon,1
tasang,1
tatay,3
tatoeba,3
taudtaoran,1
tauhan,1
taurotragus,1
tawaga,1
tawagan,1
tawagi,4
tawantawan,1
tawhana,1
tawhanon,1
tawhanong,1
tawo,149
tawohana,7
tawong,13
taytayan,1
tekel,1
telebisyon,3
telepono,2
teritoryo,1
terorista,2
teteng,1
teyorya,1
the,5
thiratehanon,1
tibouk,2
tibuok,17
tibuuk,5
tigbalita,1
tigdukiduki,1
tiggamit,1
tighimo,1
tigkolekta,1
tigpamaba,1
tigpamalita,1
tigpataliwala,1
tigtatoeba,1
tigulang,8
tigum,1
tiguma,1
tigumon,1
tiguwang,2
tiil,10
tiilan,1
tikang,1
tikbalang,1
tikuko,1
tilapya,1
tilawan,1
timaan,2
timane,1
timbangan,2
timnah,1
timolan,2
timplahan,1
timri,1
timugan,1
tinae,1
tinago,2
tinagpito,2
tinaguang,1
tinapa,1
tinapay,10
tinaw,1
tindahan,12
tindog,1
tingali,7
tingdagdag,1
tinggutom,1
tinginit,3
tingkoy,1
tinglagas,1
tingog,15
tingtugnaw,1
tingub,1
tingug,1
tinguha,2
tininit,1
tinood,2
tinoud,1
tinouhan,1
tintalon,1
tintang,1
tinubdan,2
tinugyanan,1
tinulo,1
tinunan,1
tinunglo,4
tinuod,29
tinuohan,2
tinutong,4
tinuud,1
tinuyod,1
tipon,1
tiquico,1
titip,1
tiya,1
tiyan,3
tiyera,2
tocino,2
tokhang,1
tokwa,1
tolda,1
tosilog,1
totolo,4
totong,3
trabaho,18
trabahong,1
trabahoonbuluhaton,1
tradisyonal,2
trahedya,1
trangkaso,1
translasyon,1
trapo,1
traysikol,3
tripulante,1
trompeta,1
tropa,1
tsaa,3
tsaahan,1
tsampoy,1
tsampurado,2
tsandelyer,1
tseke,1
tseri,1
tsina,4
tsinelas,1
tsok,1
tsokolate,5
tsokolateriya,1
tsokoleyt,1
tuara,1
tubag,2
tubaga,1
tubig,32
tuburan,2
tudlo,1
tudloe,1
tugahala,1
tugnaw,2
tugon,5
tugotan,1
tugoti,1
tugpahanan,1
tugti,1
tuguti,1
tuig,65
tuison,1
tuka,1
tukbonon,2
tukmo,2
tukog,1
tulay,1
tulo,11
tulog,2
tulomanon,3
tulunghaan,1
tumanon,1
tumatabang,1
tumbaga,1
tumindog,1
tumong,1
tumoy,8
tumugot,1
tumungas,2
tungang,2
tungatunga,2
tungawan,1
tunghaan,1
tungod,94
tungora,1
tungtunga,1
tuod,2
tuon,3
tupad,4
turkiko,1
turrones,1
tutoki,1
tuyora,1
uban,73
ubanan,1
ubang,10
ubayubay,1
ubeng,1
ubos,6
udto,2
udyong,1
ugaling,3
uhay,1
uhong,1
ulahi,13
ulahing,1
ulipon,15
uloabaga,1
ulohang,1
umabutay,1
umadto,4
umagad,1
umahi,1
umalis,1
umari,3
umingon,1
uminum,2
unahan,8
unggoy,3
unibersidad,2
uniporme,1
unloray,1
unod,4
unom,11
unsang,18
unsaon,15
unsay,24
untay,1
unya,67
unyang,3
upat,14
upharsin,1
usab,69
usabug,1
usahay,5
ushibuka,1
utang,2
utanon,1
utgan,1
utlanan,11
utok,2
utokan,1
utot,1
utukan,2
uwak,2
uwan,1
uwat,1
uwaw,1
uyab,4
uyamut,1
uyoan,3
uyon,3
uzal,1
uzzias,1
v,1
vanias,1
veritasan,1
vermhlen,1
vintas,1
viridifacies,1
vizcayaifugaomt,2
wagalang,1
wagtangon,1
walay,133
walo,4
walog,2
walong,1
wanang,1
waytumbas,1
welga,1
wroblewitz,1
yamog,1
yawyaw,2
yugto,1
yutaa,6
yutaan,1
zabulon,1
zachai,1
zepon,1
zilpa,1
zimperium,1
ziphion,1
zooxabthellate,1
zooxanthellate,1
zurisaddai,1
