sentence,profane
habo ko na pakshet,1
dangag mag aki ka,1
ug sa pultahan sa balongbalong nga pagatiguman magpuyo kamo sa adlaw ug sa gabii sulod sa pito ka adlaw,0
ang kolor sa kini nga koral mao ang kolor de letse o luspad nga brown ug ang mga tumoy sa sanga usahay nagapula,1
nagluwas naman an saiyang tula sa liwayway magazinekalatasliteraryzine httpskalatasliteraryezine,0
haha tangina umaga nanaman,1
ug siya nga wala magtagad sa pulong ni jehova,0
ug kong ang mga tawo sa yuta magatago gayud sa ilang mga mata gikan niadtong tawohana,0
unya ang tagiya sa balay,0
"Kung naay masayop, dili kini bogo, apan usa ka pagkat-on.",1
tangina si pa sarong taon nangkakaraw lang kasubago tas ngunyan dagit na,1
masikot asin mapagal intindihon an panlaog na kapormahan kan mga tataramon na austronesyo,0
ug ngano nga gipaanhi ninyo ang katilingban ni jehova niini nga kamingawan,0
ug bisan kinsa nga anaa sa kapatagan makahikap sa gipatay pinaagi sa hinagiban,0
ang maka bayad kang sakuyang tuition siya ang botohon,0
masasabutan ko kung nag hakat sinda for a better seat kung sobrang harayo kan prio buda nakua pero su iba man na gari vip seated standing lang tas ipapabakal na mas mahal haha kupalon an ugali,1
"Iugnay ang mga sumusunod na salita upang magkakilala ang mga salita: unggoy, elepante, giraffe.",0
Ngano man nga wala nimo piniste ang akong giingon?,1
an pinakmatuang texto kaini iyo an tolkapiyyam na puede ser na hali pa sa ikalimang siglo antes ni hesukristo,0
ug siya miingon kaniya umadto ka karon,0
Gumawa ng bagong HTML page.,0
tangina ka susugudon taka tangina mo,1
ay bobo pasay pala yun i am sorry,1
nag batok su ayam mi huna ko relief na mahabas palan,0
beh mas nakakexcite ito kaysa sa new year tangina haha,1
gare man patal wara kang pakiaram gurl,1
Bumuo ng algorithm para sa pagbibilang hanggang lima.,0
kay diriyut pa ang imo,0
patay na ang tanan nga mga rebelde,0
ug ang tibook nga katilingban nagdala kaniya didto sa gawas sa campo,0
ay gago tinignan ng isa kong crush yung profile ko,1
dae ko aram kung madadagit ako o magigiulok hayop,1
ano ba tanga tanga mo,1
Paraphrase ang pangungusap para maalis ang cliche.,0
si maeumi palan ito puta guna ko ayam kan mutual ko,1
gigupit na nako akong baga na bulbol,1
ug magakaon kamo niini sa bisan diin nga dapit,0
ambilis bagong school year na to pucha,1
o kong may tawo nga makahikap sa bisan unsang butanga nga mahugaw,0
"Dahil sa talahanayan ng data, tukuyin kung sumusunod ito sa normal na distribusyon.",0
puta pagmati ko pagalon akong maray kawsa kang auditing,1
mark lee ulol na ulol ako sayo ngayong gabi,1
si moreno saro sa doseng artistang ginana an apat na mayor na mga premyo sa lantad nin amerikanong entertainment egot oscar emmy grammy asin tony,0
anong kung hindi ka lang gaga tanga gaga ka talaga nagpakantot ka sa para kinsemil haha reveal iyan,1
pre test palang naman pero pag nakakakuha ako ng mababa parang feeling ko ang bobo ko,1
Ihambing at ihambing ang mga tungkulin ng isang tagapagturo at isang politiko.,0
"Sa ibinigay na senaryo, hulaan ang posibilidad ng taong dumaranas ng Diabetes.",0
dili matuohan ang amaw sa pipila politiko,1
siya gayod ang ginibong example kang mga tarantado,1
daghan ang gibunot ni alden sa bagong naandan nga pagshooting sa gma christmas station id,0
Gumawa ng online na advertisement na nagpo-promote ng bagong uri ng napapanatiling produktong seafood.,0
tamang hintay nalang sa another twist kung meron man kung wala edi pakshet kayo revelation,1
Giunsa nimo pag-piniste ang imong utang sa dali nga panahon?,1
sinbi niyng si perfecto iy an sar sa igwng pinakadakl na sinrat sa lokal na tatarmon sa panahn na pataps na an rehimen kastila,0
adunay hayop nga ampibyo ug aduna kini duha ka panagway,1
dangan sya nadestino sunodsunod bilang ministro sa mga banwaan nin indan bula quipayo daet naga oas asin sa minalabag minalabac,0
mga kupal kase haha,1
Sagutin ang isang maikling sagot na tanong,0
tarantado ka hindi naman sila natawa sa oras na pinatay sila,1
pass sadboi lang ako pero hindi ako tanga haha basta kalma lang tama tama,1
ulol panget mo tanga,1
aba tarantado ginawa pa kong officer,1
namundag siya sa sacramento california,0
Ang mga bata piniste sa ilang dula human ang klase.,1
mas masiram daa kun ini pahaponan ta lataw na an hamis saka nagsasarosagitsit pa pagkinalokago,0
makulugon ang ngipon ko puta,1
ug ang batanong lalake wala maglangan sa pagbuhat niadto,0
"Bumuo ng modernong bersyon ng pariralang ""a watched pot never boils"".",0
tatay mo ba siya,0
ulol hindi ka natawag sakin gago,1
bilang tugma gamit ini sa seda koton asin wool,0
kada capture time sa live ni big naughty pirmi an naka pakyu,1
igwa ining sukol na kilometro kwadrado na kadagaan asin namumugtak sa inot na distrito,0
ug gilaglag ang tanang butang nga may kinabuhi sa ibabaw sa nawong sa yuta,0
pigkaag man sa posisyon sa department of earth and planetary science asin sa department of environmental science policy and management,0
ikapidayon na su nasa sayout ko haha tanginang an,1
"Giingnan siya nga bogo, pero siya ang nakapangita ug solusyon.",1
puta ta sa facebook na post hayop,1
Animal kang dako kuwang imong sustento,1
mogahi ang lawas inigkamatay,0
"Isulat muli ang sumusunod na pangungusap na nagsisimula sa ""Siya ay""",0
apan kong ang panganod wala pagbayawa,1
Bumuo ng isang tweet na isang tugon sa isang tweet tungkol sa mga benepisyo ng ehersisyo.,0
sa adlaw ni zamenhof malipayon kaming mga esperantisto,0
ganahan siya ug sago og gulaman,0
charat nalang kamo kung makirit kit kitang kandila,0
dae nag riribok muya mag kape tapos may narumduman ako puta nata ko daw ito ginibo,1
dai ko aram pano mag react punyeta,1
nakamit niya man an mga honorary degree sa doctor of science haleng brigham young university kan doctor of medical science haleng utah state university kan asin doctor of humane letters sa snow college kan,0
"Ibinigay ang dalawang numero at isang operator (+, - , * , /) suriin ang expression.",0
nahimo ka nang sulugoon sa mga hayop,1
karon gisumpong siya sa iyang kabuang na pod,1
"Magbigay ng 5 halimbawa ng mga salita na nauugnay sa damdamin ng ""malungkot"".",0
yudeputa tapos ko na imop ang bilog na harong may gibuhon na namang bago,1
an anoman na paghingoa kan mga lingwista makakadugang nanggad sa syensia nin linggwistika asin sa mga parataram na boot masaray asin mapapusog an saindang tataramon,0
gitagalan ang masakiton ug lima ka adlaw,0
punyeta tong user a sa netflix sabi hanggang limang device lang,1
naghihingagdan na an ainu na hokkaido dawa magkapirang mga pigsagibo na gibuhon tanganing mabuhay ini,0
an pigiimponsor an pitong pambungog na mga eskwelahan sa madagaskar kan mga evangelical lutheran,0
dili na siya na siya mungisi nako,0
tangina hindi ko nga alam kung magkaka aegyo sal ba ako pag nagpuyat,1
Hulaan ang trend para sa sumusunod na data.,0
dai ako maka get over puta,1
isipon mo ang anak ni levi pinaagi sa mga balay sa ilang mga amahan pinaagi sa ilang mga panimalay nga pagaisipon mo ang tanang mga lalake sukad sa usa pa ka bulan ang panuigon ug ngadto sa itaas,0
Ang pagpaningkamot makapawala sa tanang giingong bogo nga titulo.,1
ug sila miingon ang dios sa mga hebreohanon nakigkita kanamo nangaliyupo kami kanimo,0
pipaurag nanggad ni kulas ang alintak ko padi,0
tangina talaga ng bayarin sa bestlink college of the philippines wala akong nakuhang libro pero may notary na punyeta wala naman kaming pinirmahan na kahit anong kasunduan bwiset,1
saro ining gamit na nakukua sa mga lumang papel kan sarong munisipyo,0
pucha ang hapdi ng tiyan ko sa lamig ng shake,1
sama ka sa usa ka buangbuang,1
ang mga lokal nga katawhan sa palawan nahibawan nga gibutang kini nga mga hayop sa mga kanall sa tubig alang sa domestic nga baboy,1
tarantado naman oh nawala na naman net,1
pakshet tara shot ba pota,1
ug si abner miingon kang david ako motindog ug moadto,0
I-edit ang salitang ito na pangungusap.,0
an mga natadang mga drowing nagrerepresentar nin mga indibidwal mga lalake babae na padis mga habitanteng tagabuhis kan tsina na nakasulot nin pigbibistuhan na gayong gubing an iba drinowing bilang mga kawad,0
pirang bulan siya nagin receptionist sa sarong eskwelahan medikal tapos nagin siyang lab assistant asin modelo nin retratista na si heinrich hoffmann na natongod man iyo an retratista kan partido nazi,0
kini mao ang katungdanan sa mga panimalay ni gerson,0
an ina niya si soledad roa sarong maestra asin lider sibiko na namundag sa siyudad nin cabadbaran agusan del norte,0
adunay leche flan sa ibabaw sa keyk ni ziggy,1
may bobo akong nakita sa pgag,1
Bumuo ng isang kuwento na nagsisimula sa sumusunod na pangungusap: Hindi pa siya nakakita ng katulad nito dati.,0
ginana kaini kan an winifred holtby memorial prize,0
pandok playgirl ba ako haha punyeta,1
Mag-brainstorm ng limang posibleng aplikasyon para sa teknolohiya ng blockchain.,0
ug nagpakiglalis ang katawohan kang moises,0
ug nahitabo sa tapus ang kamatayon ni abraham,0
dugay nang nangamatay ang mga dinosawro,0
Ayusin muli ang mga salitang ito upang makabuo ng tamang gramatika na pangungusap.,0
bisan pa nahibalan sa mga tsismis nga kini nga iho nabago sa kadako o wala na maglungtad,0
"Ang imong buhat, wala na'y kalainan sa animal!",1
ayaw ko na mang limos ng apat na oras tangina,1
I-edit ang ibinigay na pangungusap upang gawin itong angkop para sa isang pormal na konteksto.,0
ang ingon nila pedro ug paulo kay mangamatay sad parehas og usa ka martir,0
ug kong ang iyang halad gikan sa kahayupan,0
love you too kahit gago at tarantado ka madalas,1
apan kong diha sa naupawan kun sa naupawan sa agtang may sakit nga maputi nga mapulapula,0
kadtong nanganak ug usa ka buang nakaangkon niini sa iyang kasubanan ug ang amahan sa usa ka buang walay kalipay,1
kaya palan nagigiulok sinda kang tig taram ni misss pakshet agang aga haha,1
ug kong ang usa ka tawo mohigda ipon sa asawa sa iyang uyoan,0
may tanga may bobo may tarantado,1
Saan nagmula ang pananalitang â€œbusy as a beeâ€?,0
hirarumon an buntong hininga ko pakshet,1
kan si moon an solong naglaban sa parehas na season kan tribe of hip hop,0
yung hindi mo na crush tapos nakita mo nanaman edi crush ko nanaman punyeta haha,1
"Kung mao na lang, animal na lang ka!",1
kadtong nagapadala ug usa ka panugon pinaagi sa kamot sa usa ka buang,1
Gumawa ng outline para sa isang artikulong tumatalakay sa paggamit ng AI sa pangangalagang pangkalusugan.,0
nabantog sa tribu an gibo ni baltog,0
daghang siyopaw si silvestre sa balay niya,0
pakialam ko kung wala akong kausap hindi ako pinanganak para intindihin kayong mga tanga kayo,1
puta wara akong caption,1
absent nang absent mga ka duty ko bwiset,1
an mga papel ni eleanor hallowell abbott tiniripon kan the university of new hampshire library sa milne special collections,0
"Pangalanan ang limang estado ng US na nagsisimula sa letrang ""A""",0
tumungas ka sa tagaytay sa pisga,0
ug mibuka ang yuta sa iyang baba ug milamoy kanila,0
"Ayaw paghunahuna nga ikaw bogo, kay ang matag usa adunay potensyal.",1
may ibang genus kaini totoo arog kan sa oxygtrigona igwang kinukupsit na liwoy na napaludogludog sa kublit kan tawo,0
ay kaiba sa patal,1
gurl ikaw din tanga tanga,1
dae pa akong naglalangoy sulo na ako deputa,1
tangina ang bilis ko na magka sugat,1
nanghapdos ang bisong ni mary sa unang panaghilawas nilang tom,1
Tukuyin ang pinakamainam na pagkakasunud-sunod ng mga sumusunod na gawain.,0
dili ba ang ilang kahayupan ug ang ilang bahandi,0
Uriin ang sumusunod na artikulo bilang tumpak o hindi tumpak.,0
hamag kasuarin last update ni niki selca sa account ninda huhu punyeta pebrero,1
habu ko na mag kulit tabi wad mag katok ka na sana asin ang sakong kalag mauumayan,0
nagtapos siya sa kurso sa pagsurat kan thesis niyang study on plywood consumption in final consumption in surakarta municipality,0
Baguhin ang teksto upang ito ay sumunod sa nakakatawang tono. Bumili ng bagong kotse sina John at Amy.,0
ug ang mga tawo mga magbalantay sa mga carnero,0
hindi talaga nawawala ang mga kupal sa trabaho,1
kukupalon mo pa ako eh mas kupal ako saimo,1
"Sa pangungusap sa ibaba, tukuyin ang paksa, pandiwa, at layon.",0
"Unsay problema nimo, animal ka ba?",1
Anong konklusyon ang maaaring makuha mula sa ibinigay na datos?,0
ang kadangagan ko ngunyan,1
sa mga anak ni jose sa mga anak ni ephraim,0
uni nanaman ang bangging daeng kamugtakan,0
sa una dili siya ingon mahigalaon,0
sinundan kan saiyang aki na si bhumimitra,0
Ang tanang empleyado piniste sa ilang mga papel human ang miting.,1
tangina mo dae puta ka pag ako nasisi,1
nata daw arog kaini huhu yudeputa,1
kauragon ang palitan kang schedule hayop,1
naiistress nanaman ako naalala ko nanaman si athena pakshet,1
Ipaliwanag kung bakit mahalagang mag-ipon para sa kinabukasan.,0
natatawa ako sa sarili ko kasi right now im working on my application essay para sa altar servers tas yung isang question dito what motivates me to serve punyeta,1
Piniste kang yawa ka,1
"Dako kag lagay, bug at ka kaayo",1
lintian na ugali an jake,1
ug didto pagapakanon ko ikaw,0
ug nagkahaduol na ang mga adlaw sa pagkamatay ni israel,0
yuck punyeta ka pala,1
ok lang icallout mo buong buhay mo si js sa mali nya wala akong pake pero yung hilingin mo na may mangyaring masama sa kanya ulol ka,1
parang silang tanga wala namang attractive kay skusta kadiri,1
Ilarawan ang modelo ng wika ng GPT-3.,0
ayuda imang letra pero puro kapamilya ang naka lista,0
ug sa tuig nga ikapulo ug upat miabut si chedorlaomer,0
tangina naiirita padin ako sa parents nila gago,1
usa ka bandihadong butong nga balaan,0
an prutas inapod na elephant apple sa ingles may diametro na lima asin anom na sentimetro,0
ang mga biktima sa hayop gilangkuban sa mga protochordate o invertebrates,1
an artikulo pilmograpiya kan amerikanang aktres na si susan sarandon,0
may tigulang nga babae nga gisunog sa kamatayon,0
ang mga anak nga lalake ni jacob nangadto sa mga nangamatay ug nanagpanulis sila sa lungsod tungod kay gihugawan nila ang ilang igsoon nga babaye,0
ug si moises naghubo kang aaron sa iyang mga bisti,0
pucha weh akala ko may binabasa ka na diyan,1
may mga professor talaga na papalitan ang scores buda grades mo ki mas halangkaw para lang sa evaluation ulol never again,1
sa mga anak ni simeon pinaagi sa ilang kaliwatan,0
"Ihambing at ihambing ang dalawang karakter mula sa ""The Cat in the Hat"" ni Dr. Seuss.",0
nangamatay ang mga kahoy,0
an the lost world igwang mga tradisyonal na atraksyon na yaon sa haros universal studios sa buong mundo,0
mali ata naquote mo tanga,1
pigklasipikar an mga diyalektos bilan norteng kamayo asin sur kamayo ethnologue,0
saro man siyang paralangoy asin parakawat nin hockey,0
dangag okay lang ito ang mahalaga tig buhay mo,1
nadiskubre na igwa nin hilang na aids si kaliias kan,0
Ano ang layunin ng resume?,0
tangina deserve mo yan gago,1
haha bwiset tawang tawa ako pero totoo sis ligtas points yan,1
matod pa nila ang talong adunay daghang nikotina,0
talentado siya nagloktaw nin tolong grado kan yaon siya sa elementarya,0
kadtong ika nin hulyo naghost siya nin sarong luncheon bilang karangalan para sa koronasyon kan saiyang mga magurang sa matakieua villa na pigatendiran kan an maharlikang pamilya kan tonga nobya kan tongano,0
"Gamit lamang ang limang salita, ilarawan ang isang eksena sa pelikula.",0
sure ba kayo na wala pa sa main event gago yung ayuda hanggang next year yung kilig haha,1
Gusto nako nga akong pamilya mahimong piniste sa ilang mga kasabutan.,1
Gumawa ng headline para sa isang balita tungkol sa isang zero-waste store na nagbukas sa isang maliit na bayan.,0
putangina hindi pa ako gumagraduate ang dami ko na agad responsibilidad,1
Ikaw ang pinuno ng isang koponan at hiniling na magbigay ng feedback sa isang proyekto. Tukuyin ang tatlong pangunahing kalakasan at kahinaan ng proyekto.,0
Isulat muli ang sumusunod na pangungusap upang ito ay gumamit ng isang aktibong boses sa halip na isang tinig.,0
haha papunta na ako sa exciting part puta pakirot na nang pakirot mga vebs,1
sorry bobo lang ako,1
yudeputa ka nata kapa inaki ni may mong tangina ka mahibugon ang pandok mong tarantado ka mag face reveal ka hayop ka,1
bwiset na sugat to napakasakit,1
glassy era pa palan ito haha patal,1
nagbangotan si carla sa pagkamatay sa iyang iro ang akong kasingkasing naguba pagusab,0
an santuario ni san joseng patriarca na namomogtsak sa sentro saro sa popular na pilgramaheng sitio kan mga katoliko,0
ug dili ninyo pagsamaran ang inyong unod tungod sa usa ka minatay,0
ang shifting kang emotion ko gare patal hamag bua na gayod ako,1
Magmungkahi ng solusyon upang mabawasan ang pagkapagod sa online na paaralan.,0
tangina mo daa urualdaw,1
magkuha kamo ug padron sa tibook nga katilingban sa mga anak sa israel pinaagi sa ilang mga panimalay,0
tangina mo lalo akong nalungkot sa sinend mo ulol ka,1
Ilarawan ang mga pangunahing bahagi ng sistema ng pagtunaw ng tao.,0
kuhaon mo ang mga levihanon nga salili sa tanang mga panganay sa mga anak sa israel,0
Ihambing at ihambing ang mga sistema ng edukasyong Amerikano at Tsino.,0
gago masakit pa rin,1
gascon pigdonar na logod an estruktura sa philippine tourism authority ngonyan inaapod nang tourism infrastructure and enterprise zone authority,0
an iskandalo totoo pwede tunay na basado sa katotohanan o produkto mansana nin mga pagduhagi o paglibak o may pagkatotoo pero napatos sa dagdag na mga kaputikan,0
hangtod nga hinayhinay nila nga gidawat nga dili gyud nako mabuhian ang akong mga binuhi nga hayop,1
udto na busa patya ang telebisyon,0
haha tangina sakit ah,1
ug si jehova misulti kang moises sa tapus mangamatay ang duruha ka anak nga lalake ni aaron,0
ug kuhaon mo ang tanan nga tambok nga nagatabon sa mga tinae ug ang habolhabol sa atay,1
the fuck girl haha parehas kayong bobo,1
Ibuod ang mga nilalaman ng sumusunod na artikulo sa 2 pangungusap,0
pag nag pamati saimo ang ex mo mag pagkot kana tulos ki kandila ta baad ang kalag kaan dae nauumayan,0
sa pogi kong to tatawagin mo lang akong dora pakyu ka,1
Kilalanin ang hindi bababa sa 3 sintomas ng depresyon.,0
warang naghapot kang opinyon mong ulol ka,1
alagad katakod igdi mas dakula epekto kan inapod na rebelyon taiping asin kan pagalsa sa dungan,0
ang kinadakang ihap sa mga itoy nga natala para sa mga species mao ang nga mga bata gikan sa usa ka inahan nga nagsukod ug,0
ug igabutang niya ang incienso sa ibabaw sa kalayo sa atubangan ni jehova,0
siya man popular man sa enterong kinaban dawa nagadan na,0
maski na ngani kaining posisyon kan lds na simbahan an terminong mormon iyo an lawig na pinaggagamit kan mga journalists asin bakong journalist sa pagpapanungod sa mga tagasunod kan pundamentalismong mormon,0
mamahimo mo ba kanang iemail,0
buotan ang kini nga mga hayop,1
nag letseplan si binda sa kusina,0
mahadlok ko sa mangila nga hayop,1
bisto man ini sa apod na bicol express,0
luh ayaw ko na ituloy pucha ang aga pa para umiyak,1
anak ka sa burikat,1
gibuang ko sa bugsikan,1
mangaon usa ta og morcon didto sa kusina,0
gago talaga mga tropa ko kahit kailan haha pero goods padin,1
Bumuo ng bagong salawikain.,0
haha tanga ano an,1
gago exam pala ngayon at bukas,1
"Animal ka jud, wa gyud kay buot!",1
Maaari mo bang ibuod ang mga karapatan ng taong akusado sa isang paglilitis sa korte ng kriminal?,0
ug mipanaw usab uban kanila ang nagakasagul nga panon sa katawohan,0
Gumawa ng listahan ng mga tanong sa pakikipanayam upang suriin ang isang potensyal na pag-upa para sa posisyon ng kinatawan ng serbisyo sa customer.,0
unya siya mopahawa kanimo,0
nababang an cavite sa ng banwaan asin ng ciudad,0
nali kaya ang kupal haha,1
hayop ngunyan ko sana muyang icelebrate,1
pucha may ganito pa palang regressive na batas ano to panahong kolonyal ng mga amerikano ano to escolta,1
tangina nito ikaw na nga lang nakikisuyo ikaw pa tong galit haha ulol ka,1
Magbigay ng argumento kung bakit ang ilang tao sa online ay mas malamang na maging anonymous kaysa sa iba.,0
oo nga siguro nga bukas or bala mag mundo au nalang ako tangina talaga huhu,1
susog sa forbes si bryant may net worth na tinatantya naabot sa million sa taon na,0
ew lintik nung nagconfess tayo hane parang mga ulol haha hanep,1
wara talaga akong pake maski paghirilingon ako na naghihibi sa bus puta nahiling ko su igtutukawan mi ni ella sa moa,1
ug ang dugo timaan sa mga balay diin kamo magapuyo ug kong makita ko ang dugo molabay ako sa ibabaw kaninyo,0
kamo an may problema bako lizquen mga ulol,1
"Ang uban naghunahuna nga siya bogo, apan siya ang nakatapos una sa klase.",1
eto nanaman wara akong ginibo except magkaturog punyeta saro na sana kaya su assignment suhapon bilang nag daragdag,1
mamahuway ta ug kadiyotkadali,0
